query_number,iteration,execution_order,execution_time_seconds,status,row_count,timestamp
9,1,1,1.295269019,SUCCESS,177,2025-10-12 23:08:34
7,1,2,.694127735,SUCCESS,6,2025-10-12 23:08:35
5,1,3,.535695102,SUCCESS,7,2025-10-12 23:08:36
20,1,4,.680985520,SUCCESS,11,2025-10-12 23:08:36
2,1,5,.520542744,SUCCESS,46,2025-10-12 23:08:37
13,1,6,1.034713547,SUCCESS,39,2025-10-12 23:08:38
6,1,7,.529420716,SUCCESS,3,2025-10-12 23:08:39
10,1,8,.762873025,SUCCESS,22,2025-10-12 23:08:39
12,1,9,.876918415,SUCCESS,4,2025-10-12 23:08:40
3,1,10,.684249312,SUCCESS,12,2025-10-12 23:08:41
11,1,11,.524354498,SUCCESS,2543,2025-10-12 23:08:42
1,1,12,1.988130293,SUCCESS,6,2025-10-12 23:08:44
17,1,13,.941624929,SUCCESS,3,2025-10-12 23:08:45
4,1,14,.761246951,SUCCESS,7,2025-10-12 23:08:45
18,1,15,6.019766692,SUCCESS,7,2025-10-12 23:08:52
15,1,16,.482992196,SUCCESS,3,2025-10-12 23:08:52
16,1,17,.685571875,SUCCESS,2764,2025-10-12 23:08:53
8,1,18,.608233672,SUCCESS,4,2025-10-12 23:08:53
22,1,19,.424798259,SUCCESS,9,2025-10-12 23:08:54
19,1,20,.495838219,SUCCESS,3,2025-10-12 23:08:54
14,1,21,.464089859,SUCCESS,3,2025-10-12 23:08:55
21,1,22,.964126494,SUCCESS,49,2025-10-12 23:08:56
19,2,23,.361770755,SUCCESS,3,2025-10-12 23:08:56
17,2,24,.925513175,SUCCESS,3,2025-10-12 23:08:57
15,2,25,.475268133,SUCCESS,3,2025-10-12 23:08:58
13,2,26,1.034477404,SUCCESS,39,2025-10-12 23:08:59
7,2,27,.740162776,SUCCESS,6,2025-10-12 23:09:00
9,2,28,1.173591358,SUCCESS,177,2025-10-12 23:09:01
16,2,29,.713216265,SUCCESS,2764,2025-10-12 23:09:02
1,2,30,1.967448060,SUCCESS,6,2025-10-12 23:09:04
3,2,31,.701956021,SUCCESS,12,2025-10-12 23:09:04
2,2,32,.523416826,SUCCESS,46,2025-10-12 23:09:05
8,2,33,.668724233,SUCCESS,4,2025-10-12 23:09:06
14,2,34,.463555865,SUCCESS,3,2025-10-12 23:09:06
10,2,35,.775748472,SUCCESS,22,2025-10-12 23:09:07
11,2,36,.524713696,SUCCESS,2543,2025-10-12 23:09:08
5,2,37,.557332680,SUCCESS,7,2025-10-12 23:09:08
18,2,38,3.193576473,SUCCESS,7,2025-10-12 23:09:11
20,2,39,1.068781566,SUCCESS,11,2025-10-12 23:09:12
6,2,40,.530410182,SUCCESS,3,2025-10-12 23:09:13
21,2,41,.845514914,SUCCESS,49,2025-10-12 23:09:14
22,2,42,.480843796,SUCCESS,9,2025-10-12 23:09:14
4,2,43,.634838866,SUCCESS,7,2025-10-12 23:09:15
12,2,44,.886665519,SUCCESS,4,2025-10-12 23:09:16
13,3,45,1.006636355,SUCCESS,39,2025-10-12 23:09:17
12,3,46,.868780625,SUCCESS,4,2025-10-12 23:09:18
7,3,47,.663653865,SUCCESS,6,2025-10-12 23:09:19
15,3,48,.464845246,SUCCESS,3,2025-10-12 23:09:19
8,3,49,1.092160308,SUCCESS,4,2025-10-12 23:09:20
11,3,50,.527150314,SUCCESS,2543,2025-10-12 23:09:21
18,3,51,3.038824471,SUCCESS,7,2025-10-12 23:09:24
1,3,52,2.004235562,SUCCESS,6,2025-10-12 23:09:26
21,3,53,.813088663,SUCCESS,49,2025-10-12 23:09:27
3,3,54,.650558119,SUCCESS,12,2025-10-12 23:09:28
10,3,55,.725836708,SUCCESS,22,2025-10-12 23:09:28
19,3,56,.403263727,SUCCESS,3,2025-10-12 23:09:29
20,3,57,.693375954,SUCCESS,11,2025-10-12 23:09:30
14,3,58,.440220552,SUCCESS,3,2025-10-12 23:09:30
16,3,59,.672658833,SUCCESS,2764,2025-10-12 23:09:31
5,3,60,.517877983,SUCCESS,7,2025-10-12 23:09:31
9,3,61,1.262818549,SUCCESS,177,2025-10-12 23:09:33
4,3,62,.626924198,SUCCESS,7,2025-10-12 23:09:33
2,3,63,.522123275,SUCCESS,46,2025-10-12 23:09:34
17,3,64,.910678079,SUCCESS,3,2025-10-12 23:09:35
6,3,65,.465292188,SUCCESS,3,2025-10-12 23:09:35
22,3,66,.429606034,SUCCESS,9,2025-10-12 23:09:36
7,4,67,.717145311,SUCCESS,6,2025-10-12 23:09:37
10,4,68,.730233104,SUCCESS,22,2025-10-12 23:09:37
19,4,69,.360809338,SUCCESS,3,2025-10-12 23:09:38
4,4,70,.607233168,SUCCESS,7,2025-10-12 23:09:38
15,4,71,.462311375,SUCCESS,3,2025-10-12 23:09:39
2,4,72,.517837003,SUCCESS,46,2025-10-12 23:09:39
12,4,73,.872573720,SUCCESS,4,2025-10-12 23:09:40
8,4,74,1.051297517,SUCCESS,4,2025-10-12 23:09:41
6,4,75,.493033290,SUCCESS,3,2025-10-12 23:09:42
14,4,76,.437952921,SUCCESS,3,2025-10-12 23:09:42
3,4,77,.675031807,SUCCESS,12,2025-10-12 23:09:43
11,4,78,.523827443,SUCCESS,2543,2025-10-12 23:09:44
17,4,79,.953560205,SUCCESS,3,2025-10-12 23:09:45
1,4,80,1.999746097,SUCCESS,6,2025-10-12 23:09:47
16,4,81,.675950714,SUCCESS,2764,2025-10-12 23:09:47
20,4,82,.700472663,SUCCESS,11,2025-10-12 23:09:48
5,4,83,.521304495,SUCCESS,7,2025-10-12 23:09:49
13,4,84,1.001840207,SUCCESS,39,2025-10-12 23:09:50
22,4,85,.426219557,SUCCESS,9,2025-10-12 23:09:50
18,4,86,3.016657606,SUCCESS,7,2025-10-12 23:09:53
21,4,87,.833224747,SUCCESS,49,2025-10-12 23:09:54
9,4,88,1.204270762,SUCCESS,177,2025-10-12 23:09:55
15,5,89,.476264857,SUCCESS,3,2025-10-12 23:09:56
6,5,90,.467338187,SUCCESS,3,2025-10-12 23:09:56
5,5,91,.532825325,SUCCESS,7,2025-10-12 23:09:57
12,5,92,.887226121,SUCCESS,4,2025-10-12 23:09:58
4,5,93,.608964072,SUCCESS,7,2025-10-12 23:09:59
22,5,94,.427031696,SUCCESS,9,2025-10-12 23:09:59
3,5,95,.661871749,SUCCESS,12,2025-10-12 23:10:00
7,5,96,.668098798,SUCCESS,6,2025-10-12 23:10:00
14,5,97,.445060816,SUCCESS,3,2025-10-12 23:10:01
10,5,98,.749337257,SUCCESS,22,2025-10-12 23:10:02
18,5,99,2.890609733,SUCCESS,7,2025-10-12 23:10:05
17,5,100,.874894120,SUCCESS,3,2025-10-12 23:10:06
16,5,101,.677643390,SUCCESS,2764,2025-10-12 23:10:06
19,5,102,.363370648,SUCCESS,3,2025-10-12 23:10:07
8,5,103,.615097955,SUCCESS,4,2025-10-12 23:10:07
21,5,104,.869415250,SUCCESS,49,2025-10-12 23:10:08
1,5,105,1.974575974,SUCCESS,6,2025-10-12 23:10:10
20,5,106,.638376842,SUCCESS,11,2025-10-12 23:10:11
13,5,107,1.042395709,SUCCESS,39,2025-10-12 23:10:12
11,5,108,.521612123,SUCCESS,2543,2025-10-12 23:10:13
9,5,109,1.182671033,SUCCESS,177,2025-10-12 23:10:14
2,5,110,.497884496,SUCCESS,46,2025-10-12 23:10:14
5,6,111,.565695738,SUCCESS,7,2025-10-12 23:10:15
20,6,112,.688843133,SUCCESS,11,2025-10-12 23:10:16
19,6,113,.364228515,SUCCESS,3,2025-10-12 23:10:16
17,6,114,.901412329,SUCCESS,3,2025-10-12 23:10:17
22,6,115,.427419626,SUCCESS,9,2025-10-12 23:10:18
18,6,116,2.945701402,SUCCESS,7,2025-10-12 23:10:20
11,6,117,.521912860,SUCCESS,2543,2025-10-12 23:10:21
10,6,118,.778103589,SUCCESS,22,2025-10-12 23:10:22
7,6,119,.748058286,SUCCESS,6,2025-10-12 23:10:23
9,6,120,1.177835824,SUCCESS,177,2025-10-12 23:10:24
16,6,121,.675357282,SUCCESS,2764,2025-10-12 23:10:25
12,6,122,.879021061,SUCCESS,4,2025-10-12 23:10:26
21,6,123,.793603771,SUCCESS,49,2025-10-12 23:10:26
3,6,124,.681236055,SUCCESS,12,2025-10-12 23:10:27
1,6,125,1.974209022,SUCCESS,6,2025-10-12 23:10:29
6,6,126,.464598443,SUCCESS,3,2025-10-12 23:10:30
15,6,127,.464301415,SUCCESS,3,2025-10-12 23:10:30
2,6,128,.513880415,SUCCESS,46,2025-10-12 23:10:31
14,6,129,.425943293,SUCCESS,3,2025-10-12 23:10:31
8,6,130,.624696163,SUCCESS,4,2025-10-12 23:10:32
4,6,131,.626210270,SUCCESS,7,2025-10-12 23:10:32
13,6,132,1.015594234,SUCCESS,39,2025-10-12 23:10:33
16,7,133,.673780273,SUCCESS,2764,2025-10-12 23:10:34
8,7,134,.606193560,SUCCESS,4,2025-10-12 23:10:35
1,7,135,1.974279573,SUCCESS,6,2025-10-12 23:10:37
19,7,136,.368002938,SUCCESS,3,2025-10-12 23:10:37
20,7,137,.715523488,SUCCESS,11,2025-10-12 23:10:38
22,7,138,.428589846,SUCCESS,9,2025-10-12 23:10:38
13,7,139,1.000302820,SUCCESS,39,2025-10-12 23:10:40
7,7,140,.792545831,SUCCESS,6,2025-10-12 23:10:40
2,7,141,.510805546,SUCCESS,46,2025-10-12 23:10:41
12,7,142,.889296243,SUCCESS,4,2025-10-12 23:10:42
21,7,143,.849993229,SUCCESS,49,2025-10-12 23:10:43
4,7,144,.617382728,SUCCESS,7,2025-10-12 23:10:43
9,7,145,1.209024661,SUCCESS,177,2025-10-12 23:10:45
18,7,146,2.938003585,SUCCESS,7,2025-10-12 23:10:48
6,7,147,.465985850,SUCCESS,3,2025-10-12 23:10:48
11,7,148,.519499048,SUCCESS,2543,2025-10-12 23:10:49
14,7,149,.430500887,SUCCESS,3,2025-10-12 23:10:49
17,7,150,.865387273,SUCCESS,3,2025-10-12 23:10:50
10,7,151,.762106741,SUCCESS,22,2025-10-12 23:10:51
5,7,152,.548940870,SUCCESS,7,2025-10-12 23:10:51
15,7,153,.501057798,SUCCESS,3,2025-10-12 23:10:52
3,7,154,.666929345,SUCCESS,12,2025-10-12 23:10:53
1,8,155,1.970792370,SUCCESS,6,2025-10-12 23:10:55
5,8,156,.489028023,SUCCESS,7,2025-10-12 23:10:55
7,8,157,.679267147,SUCCESS,6,2025-10-12 23:10:56
2,8,158,.533366481,SUCCESS,46,2025-10-12 23:10:57
4,8,159,.650631940,SUCCESS,7,2025-10-12 23:10:57
19,8,160,.367298424,SUCCESS,3,2025-10-12 23:10:58
21,8,161,.863944847,SUCCESS,49,2025-10-12 23:10:59
8,8,162,.610925907,SUCCESS,4,2025-10-12 23:10:59
14,8,163,.456022112,SUCCESS,3,2025-10-12 23:11:00
17,8,164,.896682120,SUCCESS,3,2025-10-12 23:11:01
9,8,165,1.186188680,SUCCESS,177,2025-10-12 23:11:02
6,8,166,.477414498,SUCCESS,3,2025-10-12 23:11:02
13,8,167,1.009339953,SUCCESS,39,2025-10-12 23:11:03
3,8,168,.693809996,SUCCESS,12,2025-10-12 23:11:04
20,8,169,.676764620,SUCCESS,11,2025-10-12 23:11:05
11,8,170,.521642334,SUCCESS,2543,2025-10-12 23:11:05
15,8,171,.498193712,SUCCESS,3,2025-10-12 23:11:06
18,8,172,2.992416849,SUCCESS,7,2025-10-12 23:11:09
10,8,173,.757801480,SUCCESS,22,2025-10-12 23:11:10
12,8,174,.877628646,SUCCESS,4,2025-10-12 23:11:11
16,8,175,.682531785,SUCCESS,2764,2025-10-12 23:11:11
22,8,176,.425909421,SUCCESS,9,2025-10-12 23:11:12
18,9,177,3.685016378,SUCCESS,7,2025-10-12 23:11:16
8,9,178,.629304943,SUCCESS,4,2025-10-12 23:11:16
9,9,179,1.249512696,SUCCESS,177,2025-10-12 23:11:18
14,9,180,.441096167,SUCCESS,3,2025-10-12 23:11:18
19,9,181,.362959972,SUCCESS,3,2025-10-12 23:11:18
17,9,182,.896799183,SUCCESS,3,2025-10-12 23:11:19
20,9,183,.672876015,SUCCESS,11,2025-10-12 23:11:20
12,9,184,.893524672,SUCCESS,4,2025-10-12 23:11:21
7,9,185,.682642526,SUCCESS,6,2025-10-12 23:11:22
4,9,186,.609958960,SUCCESS,7,2025-10-12 23:11:22
5,9,187,.531050791,SUCCESS,7,2025-10-12 23:11:23
10,9,188,.743449077,SUCCESS,22,2025-10-12 23:11:24
13,9,189,.997787295,SUCCESS,39,2025-10-12 23:11:25
11,9,190,.523092034,SUCCESS,2543,2025-10-12 23:11:25
3,9,191,.713886999,SUCCESS,12,2025-10-12 23:11:26
2,9,192,.497016342,SUCCESS,46,2025-10-12 23:11:27
6,9,193,.515551034,SUCCESS,3,2025-10-12 23:11:27
16,9,194,.673564770,SUCCESS,2764,2025-10-12 23:11:28
15,9,195,.497347799,SUCCESS,3,2025-10-12 23:11:28
22,9,196,.427869058,SUCCESS,9,2025-10-12 23:11:29
1,9,197,2.001539891,SUCCESS,6,2025-10-12 23:11:31
21,9,198,.809504723,SUCCESS,49,2025-10-12 23:11:32
5,10,199,.494681567,SUCCESS,7,2025-10-12 23:11:32
8,10,200,.601477767,SUCCESS,4,2025-10-12 23:11:33
4,10,201,.625360139,SUCCESS,7,2025-10-12 23:11:34
10,10,202,.740491243,SUCCESS,22,2025-10-12 23:11:34
13,10,203,1.009222721,SUCCESS,39,2025-10-12 23:11:36
1,10,204,1.965679117,SUCCESS,6,2025-10-12 23:11:38
14,10,205,.441694304,SUCCESS,3,2025-10-12 23:11:38
2,10,206,.503776993,SUCCESS,46,2025-10-12 23:11:39
9,10,207,1.191253475,SUCCESS,177,2025-10-12 23:11:40
16,10,208,.670066991,SUCCESS,2764,2025-10-12 23:11:40
11,10,209,.512892104,SUCCESS,2543,2025-10-12 23:11:41
3,10,210,.741098019,SUCCESS,12,2025-10-12 23:11:42
12,10,211,.886328651,SUCCESS,4,2025-10-12 23:11:43
20,10,212,.700411468,SUCCESS,11,2025-10-12 23:11:43
7,10,213,.787342100,SUCCESS,6,2025-10-12 23:11:44
15,10,214,.475765326,SUCCESS,3,2025-10-12 23:11:45
18,10,215,2.936962824,SUCCESS,7,2025-10-12 23:11:48
22,10,216,.427750220,SUCCESS,9,2025-10-12 23:11:48
21,10,217,.783260878,SUCCESS,49,2025-10-12 23:11:49
17,10,218,.904874450,SUCCESS,3,2025-10-12 23:11:50
19,10,219,.364145091,SUCCESS,3,2025-10-12 23:11:50
6,10,220,.464069716,SUCCESS,3,2025-10-12 23:11:51
19,11,221,.365666386,SUCCESS,3,2025-10-12 23:11:51
15,11,222,.462467069,SUCCESS,3,2025-10-12 23:11:52
16,11,223,.674885469,SUCCESS,2764,2025-10-12 23:11:53
8,11,224,.608393689,SUCCESS,4,2025-10-12 23:11:53
7,11,225,.723747608,SUCCESS,6,2025-10-12 23:11:54
13,11,226,1.056914950,SUCCESS,39,2025-10-12 23:11:55
22,11,227,.423677642,SUCCESS,9,2025-10-12 23:11:56
21,11,228,.793749374,SUCCESS,49,2025-10-12 23:11:56
11,11,229,.531609987,SUCCESS,2543,2025-10-12 23:11:57
2,11,230,.499340680,SUCCESS,46,2025-10-12 23:11:57
14,11,231,.447862620,SUCCESS,3,2025-10-12 23:11:58
1,11,232,2.576183817,SUCCESS,6,2025-10-12 23:12:01
10,11,233,.792525689,SUCCESS,22,2025-10-12 23:12:01
6,11,234,.484811178,SUCCESS,3,2025-10-12 23:12:02
5,11,235,.524537998,SUCCESS,7,2025-10-12 23:12:03
20,11,236,.702616741,SUCCESS,11,2025-10-12 23:12:03
4,11,237,.648880621,SUCCESS,7,2025-10-12 23:12:04
9,11,238,1.233111170,SUCCESS,177,2025-10-12 23:12:05
17,11,239,.896468634,SUCCESS,3,2025-10-12 23:12:06
18,11,240,2.952406027,SUCCESS,7,2025-10-12 23:12:09
3,11,241,.694892571,SUCCESS,12,2025-10-12 23:12:10
12,11,242,.871400440,SUCCESS,4,2025-10-12 23:12:11
2,12,243,.520530735,SUCCESS,46,2025-10-12 23:12:11
11,12,244,.501701304,SUCCESS,2543,2025-10-12 23:12:12
8,12,245,.635883980,SUCCESS,4,2025-10-12 23:12:13
15,12,246,.507925179,SUCCESS,3,2025-10-12 23:12:13
10,12,247,.779202599,SUCCESS,22,2025-10-12 23:12:14
1,12,248,1.995164352,SUCCESS,6,2025-10-12 23:12:16
3,12,249,.688249750,SUCCESS,12,2025-10-12 23:12:17
4,12,250,.614165506,SUCCESS,7,2025-10-12 23:12:17
13,12,251,.994983913,SUCCESS,39,2025-10-12 23:12:18
22,12,252,.428674665,SUCCESS,9,2025-10-12 23:12:19
12,12,253,.873743670,SUCCESS,4,2025-10-12 23:12:20
5,12,254,.495317282,SUCCESS,7,2025-10-12 23:12:20
16,12,255,.677623769,SUCCESS,2764,2025-10-12 23:12:21
18,12,256,2.991734018,SUCCESS,7,2025-10-12 23:12:24
21,12,257,.810205366,SUCCESS,49,2025-10-12 23:12:25
14,12,258,.454511356,SUCCESS,3,2025-10-12 23:12:25
9,12,259,1.197023018,SUCCESS,177,2025-10-12 23:12:27
19,12,260,.370733569,SUCCESS,3,2025-10-12 23:12:27
17,12,261,.892057752,SUCCESS,3,2025-10-12 23:12:28
6,12,262,.465688850,SUCCESS,3,2025-10-12 23:12:28
7,12,263,.684008432,SUCCESS,6,2025-10-12 23:12:29
20,12,264,.636386340,SUCCESS,11,2025-10-12 23:12:30
9,13,265,1.185340432,SUCCESS,177,2025-10-12 23:12:31
3,13,266,.699003408,SUCCESS,12,2025-10-12 23:12:32
19,13,267,.369158789,SUCCESS,3,2025-10-12 23:12:32
2,13,268,.517047855,SUCCESS,46,2025-10-12 23:12:33
10,13,269,.792210837,SUCCESS,22,2025-10-12 23:12:34
6,13,270,.495996352,SUCCESS,3,2025-10-12 23:12:34
21,13,271,.782853075,SUCCESS,49,2025-10-12 23:12:35
14,13,272,.439254672,SUCCESS,3,2025-10-12 23:12:35
7,13,273,.720370123,SUCCESS,6,2025-10-12 23:12:36
22,13,274,.426168439,SUCCESS,9,2025-10-12 23:12:37
13,13,275,1.012935152,SUCCESS,39,2025-10-12 23:12:38
8,13,276,.613342823,SUCCESS,4,2025-10-12 23:12:38
15,13,277,.483995743,SUCCESS,3,2025-10-12 23:12:39
12,13,278,.886947483,SUCCESS,4,2025-10-12 23:12:40
20,13,279,.724995677,SUCCESS,11,2025-10-12 23:12:41
1,13,280,1.986814220,SUCCESS,6,2025-10-12 23:12:43
17,13,281,.897891650,SUCCESS,3,2025-10-12 23:12:44
18,13,282,2.947710189,SUCCESS,7,2025-10-12 23:12:47
4,13,283,.625056937,SUCCESS,7,2025-10-12 23:12:47
11,13,284,.523113930,SUCCESS,2543,2025-10-12 23:12:48
5,13,285,.530347277,SUCCESS,7,2025-10-12 23:12:48
16,13,286,.675817663,SUCCESS,2764,2025-10-12 23:12:49
17,14,287,.946122605,SUCCESS,3,2025-10-12 23:12:50
7,14,288,.830063005,SUCCESS,6,2025-10-12 23:12:51
10,14,289,.740070767,SUCCESS,22,2025-10-12 23:12:52
20,14,290,.666129956,SUCCESS,11,2025-10-12 23:12:52
2,14,291,.520122804,SUCCESS,46,2025-10-12 23:12:53
8,14,292,.656750476,SUCCESS,4,2025-10-12 23:12:54
19,14,293,.368887344,SUCCESS,3,2025-10-12 23:12:54
14,14,294,.443694506,SUCCESS,3,2025-10-12 23:12:55
9,14,295,1.249771444,SUCCESS,177,2025-10-12 23:12:56
15,14,296,.491230456,SUCCESS,3,2025-10-12 23:12:56
16,14,297,.676619125,SUCCESS,2764,2025-10-12 23:12:57
11,14,298,.521923110,SUCCESS,2543,2025-10-12 23:12:58
12,14,299,.900282804,SUCCESS,4,2025-10-12 23:12:59
4,14,300,.621740091,SUCCESS,7,2025-10-12 23:12:59
5,14,301,.538988127,SUCCESS,7,2025-10-12 23:13:00
1,14,302,2.009851451,SUCCESS,6,2025-10-12 23:13:02
18,14,303,2.879652085,SUCCESS,7,2025-10-12 23:13:05
13,14,304,1.003577120,SUCCESS,39,2025-10-12 23:13:06
3,14,305,.646885591,SUCCESS,12,2025-10-12 23:13:07
6,14,306,.465251537,SUCCESS,3,2025-10-12 23:13:07
22,14,307,.431847493,SUCCESS,9,2025-10-12 23:13:08
21,14,308,.777321998,SUCCESS,49,2025-10-12 23:13:08
18,15,309,2.889595134,SUCCESS,7,2025-10-12 23:13:11
15,15,310,.464856907,SUCCESS,3,2025-10-12 23:13:12
12,15,311,.863869419,SUCCESS,4,2025-10-12 23:13:13
4,15,312,.608991420,SUCCESS,7,2025-10-12 23:13:13
20,15,313,.717891793,SUCCESS,11,2025-10-12 23:13:14
6,15,314,.491956144,SUCCESS,3,2025-10-12 23:13:15
17,15,315,.887600757,SUCCESS,3,2025-10-12 23:13:16
13,15,316,1.025705666,SUCCESS,39,2025-10-12 23:13:17
3,15,317,.700177669,SUCCESS,12,2025-10-12 23:13:17
19,15,318,.369560010,SUCCESS,3,2025-10-12 23:13:18
10,15,319,.748101172,SUCCESS,22,2025-10-12 23:13:19
21,15,320,.827638886,SUCCESS,49,2025-10-12 23:13:19
14,15,321,.450419384,SUCCESS,3,2025-10-12 23:13:20
16,15,322,.707297792,SUCCESS,2764,2025-10-12 23:13:21
9,15,323,2.168037830,SUCCESS,177,2025-10-12 23:13:23
7,15,324,.699529919,SUCCESS,6,2025-10-12 23:13:24
2,15,325,.521324749,SUCCESS,46,2025-10-12 23:13:24
5,15,326,.545331969,SUCCESS,7,2025-10-12 23:13:25
22,15,327,.426069721,SUCCESS,9,2025-10-12 23:13:25
1,15,328,2.007058364,SUCCESS,6,2025-10-12 23:13:27
11,15,329,.520651734,SUCCESS,2543,2025-10-12 23:13:28
8,15,330,.648897113,SUCCESS,4,2025-10-12 23:13:29
1,16,331,1.991379965,SUCCESS,6,2025-10-12 23:13:31
17,16,332,.947956247,SUCCESS,3,2025-10-12 23:13:32
13,16,333,1.017650576,SUCCESS,39,2025-10-12 23:13:33
21,16,334,.926928129,SUCCESS,49,2025-10-12 23:13:34
7,16,335,.681109295,SUCCESS,6,2025-10-12 23:13:34
19,16,336,.373798122,SUCCESS,3,2025-10-12 23:13:35
22,16,337,.429804500,SUCCESS,9,2025-10-12 23:13:35
9,16,338,1.188240586,SUCCESS,177,2025-10-12 23:13:36
18,16,339,2.961445974,SUCCESS,7,2025-10-12 23:13:39
15,16,340,.464109795,SUCCESS,3,2025-10-12 23:13:40
10,16,341,.745126054,SUCCESS,22,2025-10-12 23:13:41
6,16,342,.462303555,SUCCESS,3,2025-10-12 23:13:41
5,16,343,.533117774,SUCCESS,7,2025-10-12 23:13:42
8,16,344,.606063700,SUCCESS,4,2025-10-12 23:13:42
12,16,345,.900831193,SUCCESS,4,2025-10-12 23:13:43
3,16,346,.660775139,SUCCESS,12,2025-10-12 23:13:44
20,16,347,.715978553,SUCCESS,11,2025-10-12 23:13:45
11,16,348,.520803465,SUCCESS,2543,2025-10-12 23:13:45
16,16,349,.674475018,SUCCESS,2764,2025-10-12 23:13:46
4,16,350,.659214055,SUCCESS,7,2025-10-12 23:13:47
2,16,351,.488389154,SUCCESS,46,2025-10-12 23:13:47
14,16,352,.455838801,SUCCESS,3,2025-10-12 23:13:48
18,17,353,3.017848127,SUCCESS,7,2025-10-12 23:13:51
20,17,354,.751677491,SUCCESS,11,2025-10-12 23:13:52
10,17,355,.756931319,SUCCESS,22,2025-10-12 23:13:52
8,17,356,.634985592,SUCCESS,4,2025-10-12 23:13:53
22,17,357,.477741244,SUCCESS,9,2025-10-12 23:13:54
3,17,358,.689710364,SUCCESS,12,2025-10-12 23:13:54
15,17,359,.509462541,SUCCESS,3,2025-10-12 23:13:55
19,17,360,.369250917,SUCCESS,3,2025-10-12 23:13:55
12,17,361,.928820752,SUCCESS,4,2025-10-12 23:13:56
14,17,362,.445101466,SUCCESS,3,2025-10-12 23:13:57
7,17,363,.717757254,SUCCESS,6,2025-10-12 23:13:58
9,17,364,1.175479334,SUCCESS,177,2025-10-12 23:13:59
17,17,365,.888602890,SUCCESS,3,2025-10-12 23:14:00
6,17,366,.462679034,SUCCESS,3,2025-10-12 23:14:00
16,17,367,.673423735,SUCCESS,2764,2025-10-12 23:14:01
4,17,368,.608443651,SUCCESS,7,2025-10-12 23:14:02
2,17,369,.516520217,SUCCESS,46,2025-10-12 23:14:02
11,17,370,.501926803,SUCCESS,2543,2025-10-12 23:14:03
1,17,371,1.969243349,SUCCESS,6,2025-10-12 23:14:05
13,17,372,1.037294896,SUCCESS,39,2025-10-12 23:14:06
21,17,373,.820476789,SUCCESS,49,2025-10-12 23:14:07
5,17,374,.512131129,SUCCESS,7,2025-10-12 23:14:07
21,18,375,.752722971,SUCCESS,49,2025-10-12 23:14:08
14,18,376,.451344252,SUCCESS,3,2025-10-12 23:14:08
3,18,377,.663340773,SUCCESS,12,2025-10-12 23:14:09
10,18,378,.732683492,SUCCESS,22,2025-10-12 23:14:10
4,18,379,.610339171,SUCCESS,7,2025-10-12 23:14:11
5,18,380,.493427425,SUCCESS,7,2025-10-12 23:14:11
11,18,381,.537378763,SUCCESS,2543,2025-10-12 23:14:12
22,18,382,.426651309,SUCCESS,9,2025-10-12 23:14:12
2,18,383,.498703233,SUCCESS,46,2025-10-12 23:14:13
9,18,384,1.186140710,SUCCESS,177,2025-10-12 23:14:14
20,18,385,.672986093,SUCCESS,11,2025-10-12 23:14:15
13,18,386,1.023535657,SUCCESS,39,2025-10-12 23:14:16
17,18,387,.921750085,SUCCESS,3,2025-10-12 23:14:17
8,18,388,.648979708,SUCCESS,4,2025-10-12 23:14:17
18,18,389,2.952894098,SUCCESS,7,2025-10-12 23:14:20
1,18,390,1.975734300,SUCCESS,6,2025-10-12 23:14:22
19,18,391,.367465002,SUCCESS,3,2025-10-12 23:14:23
15,18,392,.467187514,SUCCESS,3,2025-10-12 23:14:23
6,18,393,.463393055,SUCCESS,3,2025-10-12 23:14:24
16,18,394,1.439906830,SUCCESS,2764,2025-10-12 23:14:25
7,18,395,.756080055,SUCCESS,6,2025-10-12 23:14:26
12,18,396,.875703821,SUCCESS,4,2025-10-12 23:14:27
3,19,397,.673855683,SUCCESS,12,2025-10-12 23:14:28
16,19,398,.683501885,SUCCESS,2764,2025-10-12 23:14:28
19,19,399,.364040126,SUCCESS,3,2025-10-12 23:14:29
5,19,400,.507760020,SUCCESS,7,2025-10-12 23:14:29
2,19,401,.514818213,SUCCESS,46,2025-10-12 23:14:30
11,19,402,.504590766,SUCCESS,2543,2025-10-12 23:14:30
8,19,403,.661750801,SUCCESS,4,2025-10-12 23:14:31
7,19,404,.828558493,SUCCESS,6,2025-10-12 23:14:32
10,19,405,.749882228,SUCCESS,22,2025-10-12 23:14:33
15,19,406,.464741804,SUCCESS,3,2025-10-12 23:14:33
21,19,407,.762720341,SUCCESS,49,2025-10-12 23:14:34
14,19,408,.440777083,SUCCESS,3,2025-10-12 23:14:35
18,19,409,2.914828315,SUCCESS,7,2025-10-12 23:14:38
12,19,410,.867241741,SUCCESS,4,2025-10-12 23:14:38
6,19,411,.464123112,SUCCESS,3,2025-10-12 23:14:39
17,19,412,.881735628,SUCCESS,3,2025-10-12 23:14:40
9,19,413,1.180091250,SUCCESS,177,2025-10-12 23:14:41
4,19,414,.623518346,SUCCESS,7,2025-10-12 23:14:42
13,19,415,.999275816,SUCCESS,39,2025-10-12 23:14:43
1,19,416,1.963384887,SUCCESS,6,2025-10-12 23:14:45
20,19,417,.631993046,SUCCESS,11,2025-10-12 23:14:45
22,19,418,.433927020,SUCCESS,9,2025-10-12 23:14:46
13,20,419,.996313128,SUCCESS,39,2025-10-12 23:14:47
21,20,420,.804537174,SUCCESS,49,2025-10-12 23:14:48
11,20,421,.525126558,SUCCESS,2543,2025-10-12 23:14:48
18,20,422,2.984439471,SUCCESS,7,2025-10-12 23:14:51
2,20,423,.516343220,SUCCESS,46,2025-10-12 23:14:52
17,20,424,.918159104,SUCCESS,3,2025-10-12 23:14:53
4,20,425,.648824373,SUCCESS,7,2025-10-12 23:14:54
20,20,426,.650418846,SUCCESS,11,2025-10-12 23:14:54
8,20,427,.625134182,SUCCESS,4,2025-10-12 23:14:55
10,20,428,.755599981,SUCCESS,22,2025-10-12 23:14:56
16,20,429,.697744910,SUCCESS,2764,2025-10-12 23:14:57
1,20,430,1.988337710,SUCCESS,6,2025-10-12 23:14:59
9,20,431,1.215079590,SUCCESS,177,2025-10-12 23:15:00
15,20,432,.493337143,SUCCESS,3,2025-10-12 23:15:00
14,20,433,.433405624,SUCCESS,3,2025-10-12 23:15:01
5,20,434,.523400847,SUCCESS,7,2025-10-12 23:15:01
22,20,435,.426121651,SUCCESS,9,2025-10-12 23:15:02
19,20,436,.362015933,SUCCESS,3,2025-10-12 23:15:02
3,20,437,.692802700,SUCCESS,12,2025-10-12 23:15:03
7,20,438,.692892804,SUCCESS,6,2025-10-12 23:15:04
12,20,439,.877337292,SUCCESS,4,2025-10-12 23:15:05
6,20,440,.469157737,SUCCESS,3,2025-10-12 23:15:05
16,21,441,.685807478,SUCCESS,2764,2025-10-12 23:15:06
18,21,442,2.965130101,SUCCESS,7,2025-10-12 23:15:09
3,21,443,.663770405,SUCCESS,12,2025-10-12 23:15:10
12,21,444,.865536680,SUCCESS,4,2025-10-12 23:15:11
14,21,445,.442625739,SUCCESS,3,2025-10-12 23:15:11
10,21,446,.743170996,SUCCESS,22,2025-10-12 23:15:12
5,21,447,.494239437,SUCCESS,7,2025-10-12 23:15:12
9,21,448,1.236751428,SUCCESS,177,2025-10-12 23:15:14
15,21,449,.491714347,SUCCESS,3,2025-10-12 23:15:14
4,21,450,.628881522,SUCCESS,7,2025-10-12 23:15:15
2,21,451,.524472100,SUCCESS,46,2025-10-12 23:15:15
6,21,452,.465640989,SUCCESS,3,2025-10-12 23:15:16
8,21,453,.654330405,SUCCESS,4,2025-10-12 23:15:17
17,21,454,.901242184,SUCCESS,3,2025-10-12 23:15:17
7,21,455,.729294092,SUCCESS,6,2025-10-12 23:15:18
21,21,456,.782456430,SUCCESS,49,2025-10-12 23:15:19
20,21,457,.669936788,SUCCESS,11,2025-10-12 23:15:20
19,21,458,.363411870,SUCCESS,3,2025-10-12 23:15:20
1,21,459,1.969617860,SUCCESS,6,2025-10-12 23:15:22
22,21,460,.431739549,SUCCESS,9,2025-10-12 23:15:23
11,21,461,.523366953,SUCCESS,2543,2025-10-12 23:15:23
13,21,462,1.033987931,SUCCESS,39,2025-10-12 23:15:24
20,22,463,.661887561,SUCCESS,11,2025-10-12 23:15:25
8,22,464,.648197474,SUCCESS,4,2025-10-12 23:15:26
12,22,465,.908049555,SUCCESS,4,2025-10-12 23:15:27
19,22,466,.368536796,SUCCESS,3,2025-10-12 23:15:27
22,22,467,.424856774,SUCCESS,9,2025-10-12 23:15:28
21,22,468,.952944332,SUCCESS,49,2025-10-12 23:15:29
16,22,469,.676704417,SUCCESS,2764,2025-10-12 23:15:29
3,22,470,.689245917,SUCCESS,12,2025-10-12 23:15:30
17,22,471,.905758425,SUCCESS,3,2025-10-12 23:15:31
5,22,472,.539657919,SUCCESS,7,2025-10-12 23:15:31
9,22,473,1.216279579,SUCCESS,177,2025-10-12 23:15:33
13,22,474,1.001441074,SUCCESS,39,2025-10-12 23:15:34
7,22,475,.681339242,SUCCESS,6,2025-10-12 23:15:34
2,22,476,.523606699,SUCCESS,46,2025-10-12 23:15:35
18,22,477,2.970740900,SUCCESS,7,2025-10-12 23:15:38
10,22,478,.735901524,SUCCESS,22,2025-10-12 23:15:39
4,22,479,.608900077,SUCCESS,7,2025-10-12 23:15:39
1,22,480,1.962935906,SUCCESS,6,2025-10-12 23:15:41
15,22,481,.462385083,SUCCESS,3,2025-10-12 23:15:42
11,22,482,.523712432,SUCCESS,2543,2025-10-12 23:15:43
14,22,483,.443706687,SUCCESS,3,2025-10-12 23:15:43
6,22,484,.488166985,SUCCESS,3,2025-10-12 23:15:44
13,23,485,1.030590628,SUCCESS,39,2025-10-12 23:15:45
12,23,486,.872255795,SUCCESS,4,2025-10-12 23:15:46
20,23,487,.658358792,SUCCESS,11,2025-10-12 23:15:46
18,23,488,2.996819141,SUCCESS,7,2025-10-12 23:15:49
4,23,489,.623359126,SUCCESS,7,2025-10-12 23:15:50
6,23,490,.463572060,SUCCESS,3,2025-10-12 23:15:50
17,23,491,.875776043,SUCCESS,3,2025-10-12 23:15:51
8,23,492,.630292843,SUCCESS,4,2025-10-12 23:15:52
21,23,493,.853089700,SUCCESS,49,2025-10-12 23:15:53
19,23,494,.371947675,SUCCESS,3,2025-10-12 23:15:53
1,23,495,1.986412433,SUCCESS,6,2025-10-12 23:15:55
9,23,496,1.172613891,SUCCESS,177,2025-10-12 23:15:57
15,23,497,.477560535,SUCCESS,3,2025-10-12 23:15:57
10,23,498,.751749793,SUCCESS,22,2025-10-12 23:15:58
7,23,499,.663439609,SUCCESS,6,2025-10-12 23:15:59
16,23,500,.678776147,SUCCESS,2764,2025-10-12 23:15:59
22,23,501,.423707836,SUCCESS,9,2025-10-12 23:16:00
3,23,502,.693433367,SUCCESS,12,2025-10-12 23:16:01
14,23,503,.444670233,SUCCESS,3,2025-10-12 23:16:01
5,23,504,.533801715,SUCCESS,7,2025-10-12 23:16:02
11,23,505,.522368596,SUCCESS,2543,2025-10-12 23:16:02
2,23,506,.497841687,SUCCESS,46,2025-10-12 23:16:03
1,24,507,2.006878340,SUCCESS,6,2025-10-12 23:16:05
18,24,508,3.005892176,SUCCESS,7,2025-10-12 23:16:08
5,24,509,.503434006,SUCCESS,7,2025-10-12 23:16:08
13,24,510,.998823782,SUCCESS,39,2025-10-12 23:16:09
2,24,511,.504260357,SUCCESS,46,2025-10-12 23:16:10
7,24,512,.829466553,SUCCESS,6,2025-10-12 23:16:11
10,24,513,.738463516,SUCCESS,22,2025-10-12 23:16:12
12,24,514,.868267819,SUCCESS,4,2025-10-12 23:16:12
19,24,515,.374328973,SUCCESS,3,2025-10-12 23:16:13
16,24,516,.676329503,SUCCESS,2764,2025-10-12 23:16:14
4,24,517,.622559772,SUCCESS,7,2025-10-12 23:16:14
14,24,518,.427569855,SUCCESS,3,2025-10-12 23:16:15
17,24,519,.872295615,SUCCESS,3,2025-10-12 23:16:16
21,24,520,.783220329,SUCCESS,49,2025-10-12 23:16:16
9,24,521,1.199714512,SUCCESS,177,2025-10-12 23:16:18
3,24,522,.687649555,SUCCESS,12,2025-10-12 23:16:18
15,24,523,.480728082,SUCCESS,3,2025-10-12 23:16:19
22,24,524,.428196416,SUCCESS,9,2025-10-12 23:16:19
6,24,525,.464249102,SUCCESS,3,2025-10-12 23:16:20
8,24,526,.614919657,SUCCESS,4,2025-10-12 23:16:21
11,24,527,.516641447,SUCCESS,2543,2025-10-12 23:16:21
20,24,528,.732159389,SUCCESS,11,2025-10-12 23:16:22
10,25,529,.804264864,SUCCESS,22,2025-10-12 23:16:23
1,25,530,1.995096617,SUCCESS,6,2025-10-12 23:16:25
6,25,531,.489462574,SUCCESS,3,2025-10-12 23:16:25
18,25,532,2.917389709,SUCCESS,7,2025-10-12 23:16:28
3,25,533,.670496834,SUCCESS,12,2025-10-12 23:16:29
4,25,534,.608890578,SUCCESS,7,2025-10-12 23:16:30
17,25,535,.897484462,SUCCESS,3,2025-10-12 23:16:31
21,25,536,.789418487,SUCCESS,49,2025-10-12 23:16:31
2,25,537,.548667908,SUCCESS,46,2025-10-12 23:16:32
20,25,538,.671923288,SUCCESS,11,2025-10-12 23:16:33
14,25,539,.440534174,SUCCESS,3,2025-10-12 23:16:33
9,25,540,1.137409944,SUCCESS,177,2025-10-12 23:16:34
12,25,541,.873323335,SUCCESS,4,2025-10-12 23:16:35
5,25,542,.538087442,SUCCESS,7,2025-10-12 23:16:36
13,25,543,1.034371342,SUCCESS,39,2025-10-12 23:16:37
22,25,544,.426992732,SUCCESS,9,2025-10-12 23:16:37
7,25,545,.702559234,SUCCESS,6,2025-10-12 23:16:38
19,25,546,.374126380,SUCCESS,3,2025-10-12 23:16:39
16,25,547,.677926805,SUCCESS,2764,2025-10-12 23:16:39
8,25,548,.615686384,SUCCESS,4,2025-10-12 23:16:40
11,25,549,.527843589,SUCCESS,2543,2025-10-12 23:16:40
15,25,550,.508743996,SUCCESS,3,2025-10-12 23:16:41
1,26,551,2.039462216,SUCCESS,6,2025-10-12 23:16:43
9,26,552,1.159998489,SUCCESS,177,2025-10-12 23:16:44
11,26,553,.519669986,SUCCESS,2543,2025-10-12 23:16:45
12,26,554,.879393418,SUCCESS,4,2025-10-12 23:16:46
5,26,555,.558194901,SUCCESS,7,2025-10-12 23:16:46
8,26,556,.603794936,SUCCESS,4,2025-10-12 23:16:47
4,26,557,.636946492,SUCCESS,7,2025-10-12 23:16:48
18,26,558,2.954436309,SUCCESS,7,2025-10-12 23:16:51
22,26,559,.432012974,SUCCESS,9,2025-10-12 23:16:51
14,26,560,.441630374,SUCCESS,3,2025-10-12 23:16:52
10,26,561,.759328860,SUCCESS,22,2025-10-12 23:16:52
13,26,562,1.011620429,SUCCESS,39,2025-10-12 23:16:53
17,26,563,.888479996,SUCCESS,3,2025-10-12 23:16:54
3,26,564,.667914677,SUCCESS,12,2025-10-12 23:16:55
21,26,565,.830635126,SUCCESS,49,2025-10-12 23:16:56
19,26,566,.377441838,SUCCESS,3,2025-10-12 23:16:56
15,26,567,.488916498,SUCCESS,3,2025-10-12 23:16:57
7,26,568,.703375858,SUCCESS,6,2025-10-12 23:16:58
2,26,569,.522331802,SUCCESS,46,2025-10-12 23:16:58
20,26,570,.650609453,SUCCESS,11,2025-10-12 23:16:59
16,26,571,.669881546,SUCCESS,2764,2025-10-12 23:17:00
6,26,572,.473607981,SUCCESS,3,2025-10-12 23:17:00
9,27,573,1.145261393,SUCCESS,177,2025-10-12 23:17:01
6,27,574,.468735298,SUCCESS,3,2025-10-12 23:17:02
16,27,575,.675160219,SUCCESS,2764,2025-10-12 23:17:03
2,27,576,.512263573,SUCCESS,46,2025-10-12 23:17:03
14,27,577,.427442219,SUCCESS,3,2025-10-12 23:17:04
20,27,578,.617878158,SUCCESS,11,2025-10-12 23:17:04
19,27,579,.361238744,SUCCESS,3,2025-10-12 23:17:05
10,27,580,.773066406,SUCCESS,22,2025-10-12 23:17:05
22,27,581,.425798218,SUCCESS,9,2025-10-12 23:17:06
1,27,582,1.973263007,SUCCESS,6,2025-10-12 23:17:08
11,27,583,.523173939,SUCCESS,2543,2025-10-12 23:17:09
15,27,584,.464926465,SUCCESS,3,2025-10-12 23:17:09
8,27,585,.646562916,SUCCESS,4,2025-10-12 23:17:10
7,27,586,.763194896,SUCCESS,6,2025-10-12 23:17:10
3,27,587,.664707411,SUCCESS,12,2025-10-12 23:17:11
12,27,588,.872811077,SUCCESS,4,2025-10-12 23:17:12
5,27,589,.493576534,SUCCESS,7,2025-10-12 23:17:13
18,27,590,2.887432333,SUCCESS,7,2025-10-12 23:17:16
4,27,591,.610672576,SUCCESS,7,2025-10-12 23:17:16
17,27,592,.904151657,SUCCESS,3,2025-10-12 23:17:17
21,27,593,.793173087,SUCCESS,49,2025-10-12 23:17:18
13,27,594,.999293014,SUCCESS,39,2025-10-12 23:17:19
12,28,595,.873254675,SUCCESS,4,2025-10-12 23:17:20
14,28,596,.435415052,SUCCESS,3,2025-10-12 23:17:20
15,28,597,.473854812,SUCCESS,3,2025-10-12 23:17:21
5,28,598,.510843954,SUCCESS,7,2025-10-12 23:17:22
1,28,599,1.994880689,SUCCESS,6,2025-10-12 23:17:24
16,28,600,.682978059,SUCCESS,2764,2025-10-12 23:17:24
9,28,601,1.206831326,SUCCESS,177,2025-10-12 23:17:26
13,28,602,.998279119,SUCCESS,39,2025-10-12 23:17:27
21,28,603,.822746126,SUCCESS,49,2025-10-12 23:17:27
3,28,604,.679296829,SUCCESS,12,2025-10-12 23:17:28
7,28,605,.675718983,SUCCESS,6,2025-10-12 23:17:29
18,28,606,2.896751966,SUCCESS,7,2025-10-12 23:17:32
6,28,607,.464847412,SUCCESS,3,2025-10-12 23:17:32
8,28,608,.615323760,SUCCESS,4,2025-10-12 23:17:33
22,28,609,.431079401,SUCCESS,9,2025-10-12 23:17:33
19,28,610,.366074824,SUCCESS,3,2025-10-12 23:17:34
4,28,611,.640059056,SUCCESS,7,2025-10-12 23:17:34
17,28,612,.880665693,SUCCESS,3,2025-10-12 23:17:35
10,28,613,.746020675,SUCCESS,22,2025-10-12 23:17:36
11,28,614,.522365623,SUCCESS,2543,2025-10-12 23:17:37
2,28,615,.976795954,SUCCESS,46,2025-10-12 23:17:38
20,28,616,.684154884,SUCCESS,11,2025-10-12 23:17:38
8,29,617,.646407622,SUCCESS,4,2025-10-12 23:17:39
21,29,618,.992177704,SUCCESS,49,2025-10-12 23:17:40
19,29,619,.365412486,SUCCESS,3,2025-10-12 23:17:41
17,29,620,.903292201,SUCCESS,3,2025-10-12 23:17:42
10,29,621,.773762939,SUCCESS,22,2025-10-12 23:17:42
2,29,622,.508357726,SUCCESS,46,2025-10-12 23:17:43
7,29,623,.836430967,SUCCESS,6,2025-10-12 23:17:44
3,29,624,.671685054,SUCCESS,12,2025-10-12 23:17:45
4,29,625,.620840511,SUCCESS,7,2025-10-12 23:17:45
20,29,626,.698840859,SUCCESS,11,2025-10-12 23:17:46
11,29,627,.522227035,SUCCESS,2543,2025-10-12 23:17:46
15,29,628,.510652768,SUCCESS,3,2025-10-12 23:17:47
16,29,629,.715376301,SUCCESS,2764,2025-10-12 23:17:48
6,29,630,.503382596,SUCCESS,3,2025-10-12 23:17:48
14,29,631,.432319453,SUCCESS,3,2025-10-12 23:17:49
18,29,632,2.972925499,SUCCESS,7,2025-10-12 23:17:52
1,29,633,1.963999174,SUCCESS,6,2025-10-12 23:17:54
13,29,634,1.004534166,SUCCESS,39,2025-10-12 23:17:55
22,29,635,.424307672,SUCCESS,9,2025-10-12 23:17:55
5,29,636,.501699118,SUCCESS,7,2025-10-12 23:17:56
12,29,637,.870742319,SUCCESS,4,2025-10-12 23:17:57
9,29,638,1.236394445,SUCCESS,177,2025-10-12 23:17:58
14,30,639,.446912198,SUCCESS,3,2025-10-12 23:17:59
21,30,640,.837879670,SUCCESS,49,2025-10-12 23:17:59
6,30,641,.466953039,SUCCESS,3,2025-10-12 23:18:00
19,30,642,.370687257,SUCCESS,3,2025-10-12 23:18:00
17,30,643,.869633370,SUCCESS,3,2025-10-12 23:18:01
10,30,644,.764506434,SUCCESS,22,2025-10-12 23:18:02
15,30,645,.463180870,SUCCESS,3,2025-10-12 23:18:03
20,30,646,.644444416,SUCCESS,11,2025-10-12 23:18:03
11,30,647,.520507519,SUCCESS,2543,2025-10-12 23:18:04
12,30,648,.893500392,SUCCESS,4,2025-10-12 23:18:05
22,30,649,.429431713,SUCCESS,9,2025-10-12 23:18:05
7,30,650,.717325469,SUCCESS,6,2025-10-12 23:18:06
1,30,651,1.960593486,SUCCESS,6,2025-10-12 23:18:08
2,30,652,.522972821,SUCCESS,46,2025-10-12 23:18:09
13,30,653,1.009910923,SUCCESS,39,2025-10-12 23:18:10
8,30,654,.636958206,SUCCESS,4,2025-10-12 23:18:10
5,30,655,.503721510,SUCCESS,7,2025-10-12 23:18:11
18,30,656,2.941854455,SUCCESS,7,2025-10-12 23:18:14
16,30,657,.682467310,SUCCESS,2764,2025-10-12 23:18:14
9,30,658,1.237162637,SUCCESS,177,2025-10-12 23:18:16
3,30,659,.705932249,SUCCESS,12,2025-10-12 23:18:17
4,30,660,.627874764,SUCCESS,7,2025-10-12 23:18:17
