query_number,iteration,execution_order,execution_time_seconds,status,row_count,timestamp,worker_id
15,1,1,.706671,SUCCESS,4,2025-10-13 15:24:02,1
2,1,3,.669228,SUCCESS,47,2025-10-13 15:24:02,3
12,1,2,1.790668,SUCCESS,5,2025-10-13 15:24:03,2
8,1,4,2.002726,SUCCESS,5,2025-10-13 15:24:04,4
14,1,7,1.651839,SUCCESS,4,2025-10-13 15:24:04,3
22,1,10,2.616356,SUCCESS,10,2025-10-13 15:24:05,2
16,1,21,2.200990,SUCCESS,2765,2025-10-13 15:24:07,1
4,1,11,4.332389,SUCCESS,8,2025-10-13 15:24:07,3
19,1,20,2.546997,SUCCESS,4,2025-10-13 15:24:07,4
11,1,18,3.626022,SUCCESS,2544,2025-10-13 15:24:08,2
10,1,12,6.442711,SUCCESS,23,2025-10-13 15:24:09,4
5,1,14,6.315088,SUCCESS,8,2025-10-13 15:24:10,2
3,1,17,5.668231,SUCCESS,13,2025-10-13 15:24:10,1
6,1,16,5.948943,SUCCESS,4,2025-10-13 15:24:10,4
13,1,13,6.651910,SUCCESS,40,2025-10-13 15:24:10,1
17,1,6,8.019078,SUCCESS,4,2025-10-13 15:24:10,2
20,1,8,7.993273,SUCCESS,12,2025-10-13 15:24:10,4
18,1,5,9.283707,SUCCESS,8,2025-10-13 15:24:11,1
21,1,9,8.857019,SUCCESS,50,2025-10-13 15:24:11,1
7,1,22,6.298952,SUCCESS,7,2025-10-13 15:24:11,2
9,1,15,8.421592,SUCCESS,178,2025-10-13 15:24:12,3
1,1,19,8.711456,SUCCESS,7,2025-10-13 15:24:13,3
14,2,23,1.507619,SUCCESS,4,2025-10-13 15:24:15,3
6,2,27,1.770995,SUCCESS,4,2025-10-13 15:24:15,3
22,2,30,1.802820,SUCCESS,10,2025-10-13 15:24:16,2
2,2,34,2.745559,SUCCESS,47,2025-10-13 15:24:18,2
19,2,35,2.573586,SUCCESS,4,2025-10-13 15:24:18,3
12,2,25,4.568866,SUCCESS,5,2025-10-13 15:24:18,1
5,2,32,3.607991,SUCCESS,8,2025-10-13 15:24:18,4
8,2,28,4.374363,SUCCESS,5,2025-10-13 15:24:18,4
16,2,31,4.244574,SUCCESS,2765,2025-10-13 15:24:18,3
11,2,37,3.387682,SUCCESS,2544,2025-10-13 15:24:19,1
15,2,43,2.731780,SUCCESS,4,2025-10-13 15:24:19,3
7,2,29,5.798891,SUCCESS,7,2025-10-13 15:24:20,1
4,2,36,4.760156,SUCCESS,8,2025-10-13 15:24:20,4
17,2,42,3.904611,SUCCESS,4,2025-10-13 15:24:20,2
20,2,41,4.253339,SUCCESS,12,2025-10-13 15:24:21,1
3,2,44,3.823191,SUCCESS,13,2025-10-13 15:24:21,4
13,2,38,5.225976,SUCCESS,40,2025-10-13 15:24:21,2
21,2,39,5.116612,SUCCESS,50,2025-10-13 15:24:21,3
10,2,40,5.080518,SUCCESS,23,2025-10-13 15:24:21,4
9,2,33,6.670495,SUCCESS,178,2025-10-13 15:24:21,1
1,2,24,8.125331,SUCCESS,7,2025-10-13 15:24:21,4
18,2,26,8.833777,SUCCESS,8,2025-10-13 15:24:22,2
19,3,46,.769255,SUCCESS,4,2025-10-13 15:24:23,2
4,3,45,1.154684,SUCCESS,8,2025-10-13 15:24:24,1
5,3,48,1.587729,SUCCESS,8,2025-10-13 15:24:24,4
3,3,47,1.759589,SUCCESS,13,2025-10-13 15:24:24,3
15,3,50,1.508538,SUCCESS,4,2025-10-13 15:24:25,2
21,3,49,3.971015,SUCCESS,50,2025-10-13 15:24:27,1
8,3,53,3.365255,SUCCESS,5,2025-10-13 15:24:27,1
11,3,55,3.061016,SUCCESS,2544,2025-10-13 15:24:27,3
6,3,54,3.609672,SUCCESS,4,2025-10-13 15:24:27,2
2,3,56,3.408018,SUCCESS,47,2025-10-13 15:24:28,4
7,3,51,4.428881,SUCCESS,7,2025-10-13 15:24:28,3
10,3,52,4.435237,SUCCESS,23,2025-10-13 15:24:28,4
14,3,65,2.033966,SUCCESS,4,2025-10-13 15:24:28,1
22,3,63,2.535015,SUCCESS,10,2025-10-13 15:24:28,3
16,3,58,3.603568,SUCCESS,2765,2025-10-13 15:24:28,2
20,3,59,4.149306,SUCCESS,12,2025-10-13 15:24:29,3
12,3,66,3.038555,SUCCESS,5,2025-10-13 15:24:29,2
17,3,61,4.226163,SUCCESS,4,2025-10-13 15:24:29,1
13,3,62,4.095390,SUCCESS,40,2025-10-13 15:24:29,2
9,3,64,4.054738,SUCCESS,178,2025-10-13 15:24:30,4
1,3,57,6.800505,SUCCESS,7,2025-10-13 15:24:31,1
18,3,60,6.533987,SUCCESS,8,2025-10-13 15:24:31,4
22,4,69,.794585,SUCCESS,10,2025-10-13 15:24:33,1
7,4,67,1.199819,SUCCESS,7,2025-10-13 15:24:33,3
4,4,68,1.120730,SUCCESS,8,2025-10-13 15:24:33,4
19,4,71,1.282905,SUCCESS,4,2025-10-13 15:24:33,3
6,4,72,1.635778,SUCCESS,4,2025-10-13 15:24:34,4
3,4,70,2.294169,SUCCESS,13,2025-10-13 15:24:34,2
15,4,74,2.226436,SUCCESS,4,2025-10-13 15:24:35,2
2,4,76,3.281622,SUCCESS,47,2025-10-13 15:24:36,4
14,4,86,2.334066,SUCCESS,4,2025-10-13 15:24:37,2
8,4,77,4.125034,SUCCESS,5,2025-10-13 15:24:37,1
16,4,80,3.600578,SUCCESS,2765,2025-10-13 15:24:37,4
11,4,85,2.997078,SUCCESS,2544,2025-10-13 15:24:38,1
13,4,75,5.200941,SUCCESS,40,2025-10-13 15:24:38,3
5,4,88,2.978572,SUCCESS,8,2025-10-13 15:24:38,4
10,4,84,3.902743,SUCCESS,23,2025-10-13 15:24:38,4
20,4,82,4.468649,SUCCESS,12,2025-10-13 15:24:39,2
21,4,79,5.090798,SUCCESS,50,2025-10-13 15:24:39,3
9,4,78,5.679858,SUCCESS,178,2025-10-13 15:24:39,2
17,4,83,4.833198,SUCCESS,4,2025-10-13 15:24:39,3
1,4,73,7.276756,SUCCESS,7,2025-10-13 15:24:40,1
12,4,81,5.793095,SUCCESS,5,2025-10-13 15:24:40,1
18,4,87,6.109973,SUCCESS,8,2025-10-13 15:24:41,3
2,5,90,1.440141,SUCCESS,47,2025-10-13 15:24:43,2
21,5,89,1.905368,SUCCESS,50,2025-10-13 15:24:43,1
22,5,94,1.988295,SUCCESS,10,2025-10-13 15:24:44,2
15,5,92,2.441348,SUCCESS,4,2025-10-13 15:24:44,4
6,5,95,2.509966,SUCCESS,4,2025-10-13 15:24:45,3
14,5,100,2.480711,SUCCESS,4,2025-10-13 15:24:45,4
5,5,98,2.990095,SUCCESS,8,2025-10-13 15:24:46,2
19,5,105,2.374554,SUCCESS,4,2025-10-13 15:24:46,1
16,5,101,4.202013,SUCCESS,2765,2025-10-13 15:24:47,1
17,5,93,5.606756,SUCCESS,4,2025-10-13 15:24:47,1
11,5,108,2.901504,SUCCESS,2544,2025-10-13 15:24:47,4
8,5,102,4.360352,SUCCESS,5,2025-10-13 15:24:48,2
3,5,104,4.059151,SUCCESS,13,2025-10-13 15:24:48,4
10,5,99,5.385891,SUCCESS,23,2025-10-13 15:24:48,3
7,5,110,3.411909,SUCCESS,7,2025-10-13 15:24:48,2
20,5,107,4.309176,SUCCESS,12,2025-10-13 15:24:49,3
12,5,109,3.899293,SUCCESS,5,2025-10-13 15:24:49,1
13,5,106,4.734143,SUCCESS,40,2025-10-13 15:24:49,2
9,5,97,6.690237,SUCCESS,178,2025-10-13 15:24:49,1
4,5,103,5.608547,SUCCESS,8,2025-10-13 15:24:49,3
1,5,91,7.933282,SUCCESS,7,2025-10-13 15:24:49,3
18,5,96,8.708931,SUCCESS,8,2025-10-13 15:24:51,4
14,6,112,.780663,SUCCESS,4,2025-10-13 15:24:52,4
9,6,111,3.460716,SUCCESS,178,2025-10-13 15:24:54,3
17,6,113,3.576756,SUCCESS,4,2025-10-13 15:24:55,1
3,6,114,3.713923,SUCCESS,13,2025-10-13 15:24:55,2
22,6,121,3.220353,SUCCESS,10,2025-10-13 15:24:56,1
11,6,119,3.736480,SUCCESS,2544,2025-10-13 15:24:56,3
16,6,118,4.019478,SUCCESS,2765,2025-10-13 15:24:56,2
19,6,129,2.004084,SUCCESS,4,2025-10-13 15:24:56,1
2,6,123,3.300476,SUCCESS,47,2025-10-13 15:24:56,3
15,6,125,3.152248,SUCCESS,4,2025-10-13 15:24:57,1
6,6,127,2.811933,SUCCESS,4,2025-10-13 15:24:57,3
10,6,117,5.341617,SUCCESS,23,2025-10-13 15:24:57,1
5,6,126,3.888957,SUCCESS,8,2025-10-13 15:24:57,2
8,6,128,3.554031,SUCCESS,5,2025-10-13 15:24:58,4
21,6,116,6.096762,SUCCESS,50,2025-10-13 15:24:58,4
7,6,132,3.190320,SUCCESS,7,2025-10-13 15:24:58,4
20,6,130,3.622248,SUCCESS,12,2025-10-13 15:24:58,2
4,6,131,4.055642,SUCCESS,8,2025-10-13 15:24:59,3
13,6,124,5.541382,SUCCESS,40,2025-10-13 15:24:59,4
12,6,122,5.986736,SUCCESS,5,2025-10-13 15:24:59,2
1,6,115,7.722633,SUCCESS,7,2025-10-13 15:24:59,3
18,6,120,8.111876,SUCCESS,8,2025-10-13 15:25:00,4
19,7,136,.964819,SUCCESS,4,2025-10-13 15:25:02,4
21,7,134,1.699863,SUCCESS,50,2025-10-13 15:25:02,2
12,7,135,2.574776,SUCCESS,5,2025-10-13 15:25:03,3
13,7,133,3.134405,SUCCESS,40,2025-10-13 15:25:04,1
11,7,141,2.835298,SUCCESS,2544,2025-10-13 15:25:05,1
2,7,142,2.881591,SUCCESS,47,2025-10-13 15:25:05,2
14,7,149,2.737857,SUCCESS,4,2025-10-13 15:25:06,1
22,7,154,1.927801,SUCCESS,10,2025-10-13 15:25:06,2
8,7,144,4.115642,SUCCESS,5,2025-10-13 15:25:06,4
16,7,146,3.865489,SUCCESS,2765,2025-10-13 15:25:07,2
6,7,150,2.982410,SUCCESS,4,2025-10-13 15:25:07,2
4,7,145,4.219272,SUCCESS,8,2025-10-13 15:25:07,1
10,7,143,4.715065,SUCCESS,23,2025-10-13 15:25:07,3
7,7,147,4.013580,SUCCESS,7,2025-10-13 15:25:07,3
15,7,153,2.705319,SUCCESS,4,2025-10-13 15:25:07,1
5,7,148,3.947049,SUCCESS,8,2025-10-13 15:25:07,4
20,7,139,5.724873,SUCCESS,12,2025-10-13 15:25:07,3
17,7,140,5.640144,SUCCESS,4,2025-10-13 15:25:07,4
3,7,152,3.571699,SUCCESS,13,2025-10-13 15:25:08,4
9,7,138,6.349349,SUCCESS,178,2025-10-13 15:25:08,2
18,7,137,7.815289,SUCCESS,8,2025-10-13 15:25:09,1
1,7,151,7.988957,SUCCESS,7,2025-10-13 15:25:12,3
22,8,157,.718041,SUCCESS,10,2025-10-13 15:25:13,1
7,8,155,1.097183,SUCCESS,7,2025-10-13 15:25:13,3
8,8,156,1.044500,SUCCESS,5,2025-10-13 15:25:13,4
5,8,159,1.901876,SUCCESS,8,2025-10-13 15:25:14,3
2,8,161,2.442546,SUCCESS,47,2025-10-13 15:25:15,1
20,8,158,3.786948,SUCCESS,12,2025-10-13 15:25:16,2
11,8,164,3.088869,SUCCESS,2544,2025-10-13 15:25:16,4
19,8,169,2.556580,SUCCESS,4,2025-10-13 15:25:17,1
14,8,168,3.023909,SUCCESS,4,2025-10-13 15:25:17,4
15,8,171,3.099202,SUCCESS,4,2025-10-13 15:25:18,3
6,8,172,3.015332,SUCCESS,4,2025-10-13 15:25:18,4
16,8,166,4.331170,SUCCESS,2765,2025-10-13 15:25:18,2
10,8,167,4.344626,SUCCESS,23,2025-10-13 15:25:18,3
21,8,162,5.303187,SUCCESS,50,2025-10-13 15:25:18,2
17,8,173,3.811077,SUCCESS,4,2025-10-13 15:25:19,1
9,8,163,5.789279,SUCCESS,178,2025-10-13 15:25:19,3
3,8,170,4.590229,SUCCESS,13,2025-10-13 15:25:19,2
4,8,174,4.148102,SUCCESS,8,2025-10-13 15:25:19,2
13,8,175,4.123614,SUCCESS,40,2025-10-13 15:25:20,3
12,8,176,4.090406,SUCCESS,5,2025-10-13 15:25:20,4
1,8,160,7.381961,SUCCESS,7,2025-10-13 15:25:20,4
18,8,165,7.763243,SUCCESS,8,2025-10-13 15:25:21,1
16,9,178,1.282095,SUCCESS,2765,2025-10-13 15:25:23,2
19,9,182,1.246652,SUCCESS,4,2025-10-13 15:25:23,2
14,9,181,1.800179,SUCCESS,4,2025-10-13 15:25:24,1
6,9,184,2.111242,SUCCESS,4,2025-10-13 15:25:24,4
12,9,179,3.197689,SUCCESS,5,2025-10-13 15:25:25,3
22,9,196,1.856931,SUCCESS,10,2025-10-13 15:25:26,4
17,9,183,4.535204,SUCCESS,4,2025-10-13 15:25:27,3
2,9,192,3.517040,SUCCESS,47,2025-10-13 15:25:27,4
8,9,188,4.398772,SUCCESS,5,2025-10-13 15:25:27,4
21,9,186,4.951811,SUCCESS,50,2025-10-13 15:25:28,2
4,9,189,4.417981,SUCCESS,8,2025-10-13 15:25:28,1
5,9,195,3.408633,SUCCESS,8,2025-10-13 15:25:28,3
15,9,198,2.848144,SUCCESS,4,2025-10-13 15:25:28,2
11,9,193,3.961203,SUCCESS,2544,2025-10-13 15:25:28,1
3,9,190,4.730032,SUCCESS,13,2025-10-13 15:25:28,2
20,9,187,5.410218,SUCCESS,12,2025-10-13 15:25:28,3
7,9,197,3.734519,SUCCESS,7,2025-10-13 15:25:29,1
13,9,185,6.208930,SUCCESS,40,2025-10-13 15:25:29,1
10,9,191,5.467366,SUCCESS,23,2025-10-13 15:25:29,3
1,9,180,7.585800,SUCCESS,7,2025-10-13 15:25:29,4
9,9,194,5.464262,SUCCESS,178,2025-10-13 15:25:30,2
18,9,177,8.619147,SUCCESS,8,2025-10-13 15:25:30,1
19,10,200,.480723,SUCCESS,4,2025-10-13 15:25:31,4
2,10,201,1.425148,SUCCESS,47,2025-10-13 15:25:32,1
11,10,203,1.864841,SUCCESS,2544,2025-10-13 15:25:32,3
4,10,202,2.092032,SUCCESS,8,2025-10-13 15:25:33,2
9,10,199,3.258737,SUCCESS,178,2025-10-13 15:25:33,3
22,10,206,2.225380,SUCCESS,10,2025-10-13 15:25:33,2
14,10,209,3.305766,SUCCESS,4,2025-10-13 15:25:35,1
6,10,211,3.161851,SUCCESS,4,2025-10-13 15:25:35,3
15,10,215,2.592787,SUCCESS,4,2025-10-13 15:25:35,3
10,10,207,4.538389,SUCCESS,23,2025-10-13 15:25:36,3
20,10,204,5.056314,SUCCESS,12,2025-10-13 15:25:36,4
16,10,210,4.143213,SUCCESS,2765,2025-10-13 15:25:36,2
7,10,212,4.142572,SUCCESS,7,2025-10-13 15:25:36,4
5,10,217,3.422647,SUCCESS,8,2025-10-13 15:25:37,1
21,10,214,4.178642,SUCCESS,50,2025-10-13 15:25:37,2
8,10,220,3.024407,SUCCESS,5,2025-10-13 15:25:37,4
17,10,213,4.683601,SUCCESS,4,2025-10-13 15:25:37,1
3,10,218,3.820719,SUCCESS,13,2025-10-13 15:25:37,2
13,10,219,3.687778,SUCCESS,40,2025-10-13 15:25:37,3
12,10,216,4.845989,SUCCESS,5,2025-10-13 15:25:38,4
1,10,205,7.103885,SUCCESS,7,2025-10-13 15:25:38,1
18,10,208,7.666600,SUCCESS,8,2025-10-13 15:25:39,4
19,11,221,.454392,SUCCESS,4,2025-10-13 15:25:40,1
2,11,222,.715513,SUCCESS,47,2025-10-13 15:25:40,2
7,11,223,1.855776,SUCCESS,7,2025-10-13 15:25:41,3
4,11,225,2.700088,SUCCESS,8,2025-10-13 15:25:42,1
3,11,226,3.123131,SUCCESS,13,2025-10-13 15:25:43,2
6,11,228,2.971234,SUCCESS,4,2025-10-13 15:25:43,4
17,11,224,3.728155,SUCCESS,4,2025-10-13 15:25:43,4
16,11,227,3.642371,SUCCESS,2765,2025-10-13 15:25:44,3
14,11,235,3.070475,SUCCESS,4,2025-10-13 15:25:44,3
15,11,232,3.782140,SUCCESS,4,2025-10-13 15:25:45,4
8,11,231,3.994769,SUCCESS,5,2025-10-13 15:25:45,3
5,11,240,2.279604,SUCCESS,8,2025-10-13 15:25:45,4
10,11,229,4.532968,SUCCESS,23,2025-10-13 15:25:45,1
22,11,242,2.040473,SUCCESS,10,2025-10-13 15:25:45,2
11,11,238,3.110573,SUCCESS,2544,2025-10-13 15:25:45,2
20,11,234,4.669124,SUCCESS,12,2025-10-13 15:25:46,2
21,11,236,4.488295,SUCCESS,50,2025-10-13 15:25:46,4
13,11,233,5.285021,SUCCESS,40,2025-10-13 15:25:46,1
12,11,237,4.921646,SUCCESS,5,2025-10-13 15:25:47,1
9,11,241,4.738144,SUCCESS,178,2025-10-13 15:25:47,1
1,11,239,5.277830,SUCCESS,7,2025-10-13 15:25:47,3
18,11,230,8.214241,SUCCESS,8,2025-10-13 15:25:49,2
12,12,243,1.679327,SUCCESS,5,2025-10-13 15:25:50,3
5,12,246,1.807143,SUCCESS,8,2025-10-13 15:25:51,2
11,12,247,1.947297,SUCCESS,2544,2025-10-13 15:25:51,3
16,12,251,3.267042,SUCCESS,2765,2025-10-13 15:25:53,3
17,12,245,4.619657,SUCCESS,4,2025-10-13 15:25:54,1
10,12,249,4.265689,SUCCESS,23,2025-10-13 15:25:54,1
14,12,253,3.583403,SUCCESS,4,2025-10-13 15:25:54,1
19,12,259,2.420137,SUCCESS,4,2025-10-13 15:25:54,3
8,12,250,4.594818,SUCCESS,5,2025-10-13 15:25:54,2
2,12,257,3.325018,SUCCESS,47,2025-10-13 15:25:54,1
22,12,263,2.341456,SUCCESS,10,2025-10-13 15:25:55,3
4,12,255,4.186273,SUCCESS,8,2025-10-13 15:25:55,3
7,12,254,4.510066,SUCCESS,7,2025-10-13 15:25:55,2
15,12,264,2.390297,SUCCESS,4,2025-10-13 15:25:55,4
6,12,260,3.299801,SUCCESS,4,2025-10-13 15:25:55,4
20,12,252,5.118638,SUCCESS,12,2025-10-13 15:25:55,4
21,12,256,4.653301,SUCCESS,50,2025-10-13 15:25:56,4
3,12,261,3.803995,SUCCESS,13,2025-10-13 15:25:56,1
9,12,248,6.526511,SUCCESS,178,2025-10-13 15:25:56,4
13,12,258,4.666687,SUCCESS,40,2025-10-13 15:25:56,2
18,12,244,8.152267,SUCCESS,8,2025-10-13 15:25:57,4
1,12,262,7.923100,SUCCESS,7,2025-10-13 15:26:00,2
5,13,265,.886437,SUCCESS,8,2025-10-13 15:26:01,1
2,13,267,1.430359,SUCCESS,47,2025-10-13 15:26:02,3
22,13,269,1.659479,SUCCESS,10,2025-10-13 15:26:03,1
10,13,266,2.272465,SUCCESS,23,2025-10-13 15:26:03,2
4,13,268,2.711498,SUCCESS,8,2025-10-13 15:26:03,4
14,13,272,2.156474,SUCCESS,4,2025-10-13 15:26:04,4
16,13,270,3.000111,SUCCESS,2765,2025-10-13 15:26:04,2
11,13,274,2.771528,SUCCESS,2544,2025-10-13 15:26:05,2
19,13,283,2.070822,SUCCESS,4,2025-10-13 15:26:06,3
3,13,273,4.350814,SUCCESS,13,2025-10-13 15:26:06,1
15,13,281,3.181500,SUCCESS,4,2025-10-13 15:26:06,1
6,13,282,3.015765,SUCCESS,4,2025-10-13 15:26:06,2
20,13,275,4.874915,SUCCESS,12,2025-10-13 15:26:07,3
12,13,277,4.918845,SUCCESS,5,2025-10-13 15:26:07,1
21,13,279,4.785659,SUCCESS,50,2025-10-13 15:26:07,3
8,13,285,3.596880,SUCCESS,5,2025-10-13 15:26:07,1
7,13,284,3.915727,SUCCESS,7,2025-10-13 15:26:08,4
13,13,276,5.587740,SUCCESS,40,2025-10-13 15:26:08,4
17,13,286,3.802177,SUCCESS,4,2025-10-13 15:26:08,2
9,13,278,5.614553,SUCCESS,178,2025-10-13 15:26:08,2
1,13,280,5.882152,SUCCESS,7,2025-10-13 15:26:09,4
18,13,271,8.322479,SUCCESS,8,2025-10-13 15:26:09,3
15,14,287,.589432,SUCCESS,4,2025-10-13 15:26:10,3
2,14,288,.764324,SUCCESS,47,2025-10-13 15:26:10,4
6,14,290,1.444073,SUCCESS,4,2025-10-13 15:26:11,2
22,14,291,1.275686,SUCCESS,10,2025-10-13 15:26:11,3
14,14,293,1.370855,SUCCESS,4,2025-10-13 15:26:12,1
9,14,289,4.232399,SUCCESS,178,2025-10-13 15:26:14,1
19,14,304,1.756915,SUCCESS,4,2025-10-13 15:26:14,4
16,14,297,3.285643,SUCCESS,2765,2025-10-13 15:26:14,1
7,14,294,4.189319,SUCCESS,7,2025-10-13 15:26:15,2
5,14,296,3.880942,SUCCESS,8,2025-10-13 15:26:15,4
11,14,301,3.004613,SUCCESS,2544,2025-10-13 15:26:15,1
21,14,295,4.327729,SUCCESS,50,2025-10-13 15:26:15,3
8,14,305,3.233269,SUCCESS,5,2025-10-13 15:26:16,1
10,14,300,4.292435,SUCCESS,23,2025-10-13 15:26:16,4
3,14,299,5.127320,SUCCESS,13,2025-10-13 15:26:17,3
20,14,303,4.471179,SUCCESS,12,2025-10-13 15:26:17,3
13,14,306,4.076487,SUCCESS,40,2025-10-13 15:26:17,2
17,14,307,4.019752,SUCCESS,4,2025-10-13 15:26:17,3
4,14,308,3.916983,SUCCESS,8,2025-10-13 15:26:17,4
12,14,302,5.137533,SUCCESS,5,2025-10-13 15:26:17,2
1,14,298,6.705124,SUCCESS,7,2025-10-13 15:26:18,2
18,14,292,8.110303,SUCCESS,8,2025-10-13 15:26:18,4
22,15,311,.845018,SUCCESS,10,2025-10-13 15:26:20,3
16,15,309,1.138669,SUCCESS,2765,2025-10-13 15:26:20,1
4,15,310,1.551103,SUCCESS,8,2025-10-13 15:26:20,2
6,15,313,2.024969,SUCCESS,4,2025-10-13 15:26:21,1
19,15,314,1.893710,SUCCESS,4,2025-10-13 15:26:21,2
12,15,312,3.482391,SUCCESS,5,2025-10-13 15:26:22,4
3,15,316,3.640077,SUCCESS,13,2025-10-13 15:26:23,4
15,15,325,2.918082,SUCCESS,4,2025-10-13 15:26:24,1
5,15,326,2.912293,SUCCESS,8,2025-10-13 15:26:24,2
10,15,318,4.409961,SUCCESS,23,2025-10-13 15:26:24,2
11,15,321,4.029788,SUCCESS,2544,2025-10-13 15:26:24,1
14,15,330,2.181049,SUCCESS,4,2025-10-13 15:26:24,2
7,15,315,5.131093,SUCCESS,7,2025-10-13 15:26:24,3
8,15,323,3.758892,SUCCESS,5,2025-10-13 15:26:24,3
2,15,329,2.611611,SUCCESS,47,2025-10-13 15:26:25,1
20,15,322,4.613880,SUCCESS,12,2025-10-13 15:26:25,2
13,15,317,5.626538,SUCCESS,40,2025-10-13 15:26:25,1
17,15,319,5.610660,SUCCESS,4,2025-10-13 15:26:25,3
21,15,327,4.365843,SUCCESS,50,2025-10-13 15:26:26,3
9,15,328,4.329322,SUCCESS,178,2025-10-13 15:26:26,4
1,15,320,6.627211,SUCCESS,7,2025-10-13 15:26:27,4
18,15,324,7.039978,SUCCESS,8,2025-10-13 15:26:28,4
10,16,331,2.331174,SUCCESS,23,2025-10-13 15:26:30,3
14,16,338,1.571062,SUCCESS,4,2025-10-13 15:26:31,2
6,16,334,2.363112,SUCCESS,4,2025-10-13 15:26:31,2
3,16,332,2.908265,SUCCESS,13,2025-10-13 15:26:31,4
15,16,337,3.109933,SUCCESS,4,2025-10-13 15:26:32,1
8,16,335,3.542614,SUCCESS,5,2025-10-13 15:26:32,3
22,16,348,1.899139,SUCCESS,10,2025-10-13 15:26:33,4
19,16,349,1.806846,SUCCESS,4,2025-10-13 15:26:33,1
12,16,333,5.020753,SUCCESS,5,2025-10-13 15:26:33,1
11,16,347,2.948586,SUCCESS,2544,2025-10-13 15:26:34,3
7,16,336,5.237789,SUCCESS,7,2025-10-13 15:26:34,4
2,16,350,2.705617,SUCCESS,47,2025-10-13 15:26:34,2
5,16,346,3.615450,SUCCESS,8,2025-10-13 15:26:34,2
16,16,344,4.087593,SUCCESS,2765,2025-10-13 15:26:34,4
4,16,351,3.031229,SUCCESS,8,2025-10-13 15:26:35,3
20,16,342,5.076629,SUCCESS,12,2025-10-13 15:26:35,2
17,16,343,5.066851,SUCCESS,4,2025-10-13 15:26:35,3
13,16,341,5.639858,SUCCESS,40,2025-10-13 15:26:35,1
21,16,352,3.781078,SUCCESS,50,2025-10-13 15:26:35,4
9,16,345,5.415962,SUCCESS,178,2025-10-13 15:26:36,1
1,16,340,6.985659,SUCCESS,7,2025-10-13 15:26:36,4
18,16,339,7.999574,SUCCESS,8,2025-10-13 15:26:37,3
15,17,353,.686642,SUCCESS,4,2025-10-13 15:26:38,1
19,17,356,1.062544,SUCCESS,4,2025-10-13 15:26:39,4
4,17,354,1.454770,SUCCESS,8,2025-10-13 15:26:39,2
3,17,355,2.049331,SUCCESS,13,2025-10-13 15:26:40,3
8,17,358,2.164078,SUCCESS,5,2025-10-13 15:26:40,2
14,17,361,2.407087,SUCCESS,4,2025-10-13 15:26:41,1
11,17,360,2.626998,SUCCESS,2544,2025-10-13 15:26:41,4
5,17,363,3.479425,SUCCESS,8,2025-10-13 15:26:42,3
20,17,357,4.651104,SUCCESS,12,2025-10-13 15:26:42,1
22,17,369,2.367630,SUCCESS,10,2025-10-13 15:26:42,1
16,17,364,3.629342,SUCCESS,2765,2025-10-13 15:26:43,4
6,17,372,2.556366,SUCCESS,4,2025-10-13 15:26:43,4
2,17,374,2.411577,SUCCESS,47,2025-10-13 15:26:43,2
7,17,365,4.331646,SUCCESS,7,2025-10-13 15:26:43,1
13,17,362,5.344837,SUCCESS,40,2025-10-13 15:26:44,2
12,17,370,3.902201,SUCCESS,5,2025-10-13 15:26:44,2
21,17,366,4.791371,SUCCESS,50,2025-10-13 15:26:44,2
9,17,359,6.356232,SUCCESS,178,2025-10-13 15:26:44,3
17,17,371,4.154992,SUCCESS,4,2025-10-13 15:26:44,3
10,17,373,4.158899,SUCCESS,23,2025-10-13 15:26:45,1
1,17,367,5.952580,SUCCESS,7,2025-10-13 15:26:45,3
18,17,368,6.818248,SUCCESS,8,2025-10-13 15:26:47,4
12,18,376,2.344374,SUCCESS,5,2025-10-13 15:26:49,4
13,18,375,2.513231,SUCCESS,40,2025-10-13 15:26:49,3
14,18,379,2.253531,SUCCESS,4,2025-10-13 15:26:49,3
4,18,378,2.666236,SUCCESS,8,2025-10-13 15:26:50,2
2,18,381,2.882073,SUCCESS,47,2025-10-13 15:26:50,1
20,18,377,3.954519,SUCCESS,12,2025-10-13 15:26:51,1
6,18,383,3.488030,SUCCESS,4,2025-10-13 15:26:51,3
22,18,389,2.595821,SUCCESS,10,2025-10-13 15:26:52,1
5,18,384,3.768292,SUCCESS,8,2025-10-13 15:26:52,4
11,18,386,3.682822,SUCCESS,2544,2025-10-13 15:26:52,2
19,18,394,2.068082,SUCCESS,4,2025-10-13 15:26:52,2
3,18,385,4.239093,SUCCESS,13,2025-10-13 15:26:52,1
8,18,387,4.292232,SUCCESS,5,2025-10-13 15:26:53,3
15,18,390,3.920031,SUCCESS,4,2025-10-13 15:26:53,2
16,18,391,3.813731,SUCCESS,2765,2025-10-13 15:26:53,3
21,18,382,5.913274,SUCCESS,50,2025-10-13 15:26:54,2
10,18,388,5.019928,SUCCESS,23,2025-10-13 15:26:54,4
7,18,393,3.945625,SUCCESS,7,2025-10-13 15:26:54,1
17,18,392,4.424891,SUCCESS,4,2025-10-13 15:26:54,4
9,18,396,4.176902,SUCCESS,178,2025-10-13 15:26:55,4
1,18,395,4.991240,SUCCESS,7,2025-10-13 15:26:55,3
18,18,380,8.386137,SUCCESS,8,2025-10-13 15:26:56,4
15,19,397,.578765,SUCCESS,4,2025-10-13 15:26:56,1
14,19,399,.668892,SUCCESS,4,2025-10-13 15:26:57,3
21,19,398,1.357535,SUCCESS,50,2025-10-13 15:26:57,2
20,19,400,2.347948,SUCCESS,12,2025-10-13 15:26:59,4
19,19,406,2.090715,SUCCESS,4,2025-10-13 15:26:59,2
16,19,402,2.821728,SUCCESS,2765,2025-10-13 15:26:59,2
11,19,405,2.930075,SUCCESS,2544,2025-10-13 15:27:00,1
6,19,408,2.816235,SUCCESS,4,2025-10-13 15:27:00,4
22,19,417,1.513085,SUCCESS,10,2025-10-13 15:27:01,1
12,19,403,4.615567,SUCCESS,5,2025-10-13 15:27:01,3
5,19,409,3.685190,SUCCESS,8,2025-10-13 15:27:01,1
2,19,414,2.747958,SUCCESS,47,2025-10-13 15:27:01,2
4,19,411,4.303850,SUCCESS,8,2025-10-13 15:27:02,3
10,19,415,3.765575,SUCCESS,23,2025-10-13 15:27:03,3
7,19,416,3.666964,SUCCESS,7,2025-10-13 15:27:03,4
8,19,418,3.375872,SUCCESS,5,2025-10-13 15:27:03,2
3,19,413,4.503308,SUCCESS,13,2025-10-13 15:27:03,1
13,19,410,5.151788,SUCCESS,40,2025-10-13 15:27:03,2
17,19,412,4.858563,SUCCESS,4,2025-10-13 15:27:03,4
9,19,407,5.942778,SUCCESS,178,2025-10-13 15:27:03,3
1,19,404,7.098058,SUCCESS,7,2025-10-13 15:27:04,4
18,19,401,8.391068,SUCCESS,8,2025-10-13 15:27:05,1
2,20,419,.725904,SUCCESS,47,2025-10-13 15:27:05,3
22,20,422,1.181573,SUCCESS,10,2025-10-13 15:27:06,2
21,20,420,2.340925,SUCCESS,50,2025-10-13 15:27:07,4
5,20,424,1.959270,SUCCESS,8,2025-10-13 15:27:07,4
12,20,421,2.613704,SUCCESS,5,2025-10-13 15:27:08,1
4,20,425,3.601566,SUCCESS,8,2025-10-13 15:27:09,1
7,20,423,4.180213,SUCCESS,7,2025-10-13 15:27:09,3
11,20,427,3.707112,SUCCESS,2544,2025-10-13 15:27:10,3
19,20,436,2.155590,SUCCESS,4,2025-10-13 15:27:10,4
14,20,439,1.852863,SUCCESS,4,2025-10-13 15:27:10,3
10,20,426,4.593556,SUCCESS,23,2025-10-13 15:27:10,2
15,20,433,3.308262,SUCCESS,4,2025-10-13 15:27:10,1
6,20,432,3.560597,SUCCESS,4,2025-10-13 15:27:11,4
8,20,429,4.371639,SUCCESS,5,2025-10-13 15:27:11,1
3,20,435,3.706837,SUCCESS,13,2025-10-13 15:27:11,3
16,20,438,3.037994,SUCCESS,2765,2025-10-13 15:27:11,2
20,20,431,4.553706,SUCCESS,12,2025-10-13 15:27:11,3
13,20,430,4.983946,SUCCESS,40,2025-10-13 15:27:12,2
17,20,440,3.180936,SUCCESS,4,2025-10-13 15:27:12,4
9,20,428,5.779217,SUCCESS,178,2025-10-13 15:27:12,4
1,20,437,5.714334,SUCCESS,7,2025-10-13 15:27:14,1
18,20,434,6.578592,SUCCESS,8,2025-10-13 15:27:14,2
5,21,441,.745811,SUCCESS,8,2025-10-13 15:27:15,1
22,21,443,.817894,SUCCESS,10,2025-10-13 15:27:15,3
12,21,442,1.989789,SUCCESS,5,2025-10-13 15:27:16,2
11,21,446,1.764581,SUCCESS,2544,2025-10-13 15:27:17,2
14,21,451,1.783101,SUCCESS,4,2025-10-13 15:27:17,3
7,21,445,2.982607,SUCCESS,7,2025-10-13 15:27:18,1
19,21,453,2.668745,SUCCESS,4,2025-10-13 15:27:19,1
4,21,449,3.535122,SUCCESS,8,2025-10-13 15:27:19,1
3,21,448,4.050066,SUCCESS,13,2025-10-13 15:27:19,4
17,21,444,4.810068,SUCCESS,4,2025-10-13 15:27:19,4
6,21,454,3.503351,SUCCESS,4,2025-10-13 15:27:20,2
15,21,459,2.682027,SUCCESS,4,2025-10-13 15:27:20,3
16,21,457,3.380672,SUCCESS,2765,2025-10-13 15:27:20,1
2,21,460,2.780478,SUCCESS,47,2025-10-13 15:27:20,4
10,21,452,4.807679,SUCCESS,23,2025-10-13 15:27:21,4
8,21,462,2.791201,SUCCESS,5,2025-10-13 15:27:21,2
20,21,455,4.514648,SUCCESS,12,2025-10-13 15:27:21,3
13,21,450,5.456358,SUCCESS,40,2025-10-13 15:27:21,2
21,21,456,5.094834,SUCCESS,50,2025-10-13 15:27:22,4
9,21,461,4.940934,SUCCESS,178,2025-10-13 15:27:23,1
18,21,447,9.428711,SUCCESS,8,2025-10-13 15:27:24,3
1,21,458,7.678661,SUCCESS,7,2025-10-13 15:27:25,2
22,22,465,.574335,SUCCESS,10,2025-10-13 15:27:26,1
7,22,464,1.111732,SUCCESS,7,2025-10-13 15:27:26,4
11,22,467,2.010383,SUCCESS,2544,2025-10-13 15:27:27,3
15,22,471,3.068228,SUCCESS,4,2025-10-13 15:27:29,3
19,22,484,1.160390,SUCCESS,4,2025-10-13 15:27:30,4
16,22,469,4.108015,SUCCESS,2765,2025-10-13 15:27:30,1
4,22,470,4.251499,SUCCESS,8,2025-10-13 15:27:30,2
14,22,476,3.155443,SUCCESS,4,2025-10-13 15:27:30,4
2,22,473,3.832982,SUCCESS,47,2025-10-13 15:27:30,1
10,22,468,5.212209,SUCCESS,23,2025-10-13 15:27:31,4
6,22,478,3.646074,SUCCESS,4,2025-10-13 15:27:31,2
5,22,475,4.566168,SUCCESS,8,2025-10-13 15:27:31,3
20,22,474,4.905816,SUCCESS,12,2025-10-13 15:27:31,2
8,22,481,3.842163,SUCCESS,5,2025-10-13 15:27:32,1
21,22,480,4.309784,SUCCESS,50,2025-10-13 15:27:32,4
13,22,479,4.547160,SUCCESS,40,2025-10-13 15:27:32,3
3,22,477,4.996640,SUCCESS,13,2025-10-13 15:27:32,1
17,22,482,4.084814,SUCCESS,4,2025-10-13 15:27:32,2
9,22,472,6.175521,SUCCESS,178,2025-10-13 15:27:32,4
12,22,483,4.312852,SUCCESS,5,2025-10-13 15:27:32,3
1,22,466,7.711112,SUCCESS,7,2025-10-13 15:27:33,2
18,22,463,8.299365,SUCCESS,8,2025-10-13 15:27:33,3
11,23,485,.800300,SUCCESS,2544,2025-10-13 15:27:34,1
3,23,486,1.257042,SUCCESS,13,2025-10-13 15:27:34,2
19,23,488,1.129869,SUCCESS,4,2025-10-13 15:27:35,4
5,23,487,1.283863,SUCCESS,8,2025-10-13 15:27:35,3
2,23,493,2.653390,SUCCESS,47,2025-10-13 15:27:37,1
22,23,498,2.299075,SUCCESS,10,2025-10-13 15:27:37,2
14,23,496,2.720040,SUCCESS,4,2025-10-13 15:27:37,4
15,23,495,3.050317,SUCCESS,4,2025-10-13 15:27:38,3
10,23,492,4.070402,SUCCESS,23,2025-10-13 15:27:38,4
17,23,490,4.993934,SUCCESS,4,2025-10-13 15:27:39,2
16,23,497,3.928466,SUCCESS,2765,2025-10-13 15:27:39,1
6,23,502,3.142564,SUCCESS,4,2025-10-13 15:27:39,2
20,23,494,4.849192,SUCCESS,12,2025-10-13 15:27:39,2
13,23,491,5.358171,SUCCESS,40,2025-10-13 15:27:39,3
4,23,500,3.795634,SUCCESS,8,2025-10-13 15:27:39,4
7,23,501,3.909046,SUCCESS,7,2025-10-13 15:27:40,1
8,23,503,3.620941,SUCCESS,5,2025-10-13 15:27:40,3
21,23,505,4.004056,SUCCESS,50,2025-10-13 15:27:40,1
12,23,504,4.373948,SUCCESS,5,2025-10-13 15:27:41,4
1,23,499,5.956468,SUCCESS,7,2025-10-13 15:27:41,3
9,23,506,4.816383,SUCCESS,178,2025-10-13 15:27:41,2
18,23,489,8.411881,SUCCESS,8,2025-10-13 15:27:42,1
5,24,508,.905945,SUCCESS,8,2025-10-13 15:27:43,4
7,24,509,1.690090,SUCCESS,7,2025-10-13 15:27:44,1
2,24,511,1.975357,SUCCESS,47,2025-10-13 15:27:45,3
16,24,510,2.193775,SUCCESS,2765,2025-10-13 15:27:45,2
14,24,513,1.932898,SUCCESS,4,2025-10-13 15:27:45,1
6,24,514,2.692125,SUCCESS,4,2025-10-13 15:27:46,2
8,24,512,3.225547,SUCCESS,5,2025-10-13 15:27:46,4
4,24,517,3.598895,SUCCESS,8,2025-10-13 15:27:47,1
19,24,527,1.634391,SUCCESS,4,2025-10-13 15:27:47,3
22,24,528,1.845578,SUCCESS,10,2025-10-13 15:27:48,4
12,24,515,4.739943,SUCCESS,5,2025-10-13 15:27:48,3
11,24,522,3.497887,SUCCESS,2544,2025-10-13 15:27:48,2
3,24,518,4.337651,SUCCESS,13,2025-10-13 15:27:48,2
17,24,516,4.808481,SUCCESS,4,2025-10-13 15:27:48,4
15,24,526,2.928099,SUCCESS,4,2025-10-13 15:27:48,2
20,24,519,4.897652,SUCCESS,12,2025-10-13 15:27:49,3
21,24,520,4.977532,SUCCESS,50,2025-10-13 15:27:49,4
13,24,525,4.173149,SUCCESS,40,2025-10-13 15:27:49,1
10,24,524,4.669750,SUCCESS,23,2025-10-13 15:27:50,4
18,24,507,8.317159,SUCCESS,8,2025-10-13 15:27:50,3
1,24,521,6.244270,SUCCESS,7,2025-10-13 15:27:51,1
9,24,523,5.797534,SUCCESS,178,2025-10-13 15:27:51,3
20,25,529,1.963811,SUCCESS,12,2025-10-13 15:27:53,1
4,25,530,1.932048,SUCCESS,8,2025-10-13 15:27:53,2
15,25,533,2.676668,SUCCESS,4,2025-10-13 15:27:54,1
6,25,534,2.746395,SUCCESS,4,2025-10-13 15:27:54,2
21,25,531,3.426439,SUCCESS,50,2025-10-13 15:27:54,3
3,25,532,3.414665,SUCCESS,13,2025-10-13 15:27:55,4
22,25,545,1.890594,SUCCESS,10,2025-10-13 15:27:55,1
2,25,540,3.326847,SUCCESS,47,2025-10-13 15:27:56,4
19,25,550,1.268994,SUCCESS,4,2025-10-13 15:27:56,2
14,25,539,3.558142,SUCCESS,4,2025-10-13 15:27:56,3
11,25,541,3.256371,SUCCESS,2544,2025-10-13 15:27:56,1
16,25,536,4.434773,SUCCESS,2765,2025-10-13 15:27:56,4
8,25,538,4.491309,SUCCESS,5,2025-10-13 15:27:57,2
5,25,547,2.651238,SUCCESS,8,2025-10-13 15:27:57,3
7,25,535,5.514658,SUCCESS,7,2025-10-13 15:27:57,3
10,25,542,4.520387,SUCCESS,23,2025-10-13 15:27:57,2
17,25,543,4.537721,SUCCESS,4,2025-10-13 15:27:58,3
12,25,546,3.973479,SUCCESS,5,2025-10-13 15:27:58,2
13,25,548,3.992097,SUCCESS,40,2025-10-13 15:27:58,4
9,25,549,4.533245,SUCCESS,178,2025-10-13 15:27:59,1
1,25,544,5.754653,SUCCESS,7,2025-10-13 15:27:59,4
18,25,537,8.121142,SUCCESS,8,2025-10-13 15:28:00,1
22,26,552,.645995,SUCCESS,10,2025-10-13 15:28:02,4
2,26,551,.750537,SUCCESS,47,2025-10-13 15:28:02,3
19,26,557,1.209250,SUCCESS,4,2025-10-13 15:28:03,1
15,26,558,2.391836,SUCCESS,4,2025-10-13 15:28:05,2
4,26,555,3.308145,SUCCESS,8,2025-10-13 15:28:05,3
12,26,554,3.881336,SUCCESS,5,2025-10-13 15:28:05,2
5,26,559,3.542975,SUCCESS,8,2025-10-13 15:28:06,3
3,26,560,3.746932,SUCCESS,13,2025-10-13 15:28:06,4
14,26,566,2.783830,SUCCESS,4,2025-10-13 15:28:06,2
16,26,562,3.864950,SUCCESS,2765,2025-10-13 15:28:07,2
11,26,568,3.100538,SUCCESS,2544,2025-10-13 15:28:07,4
6,26,564,4.066001,SUCCESS,4,2025-10-13 15:28:07,4
8,26,572,2.805760,SUCCESS,5,2025-10-13 15:28:08,4
20,26,563,5.034220,SUCCESS,12,2025-10-13 15:28:08,3
17,26,561,5.525103,SUCCESS,4,2025-10-13 15:28:08,1
7,26,567,4.416202,SUCCESS,7,2025-10-13 15:28:08,3
10,26,569,4.124003,SUCCESS,23,2025-10-13 15:28:08,1
21,26,571,3.958443,SUCCESS,50,2025-10-13 15:28:08,3
13,26,570,4.402233,SUCCESS,40,2025-10-13 15:28:09,2
9,26,565,6.045795,SUCCESS,178,2025-10-13 15:28:09,1
1,26,556,7.715662,SUCCESS,7,2025-10-13 15:28:09,4
18,26,553,8.700895,SUCCESS,8,2025-10-13 15:28:10,1
3,27,573,1.487103,SUCCESS,13,2025-10-13 15:28:12,1
22,27,577,1.140415,SUCCESS,10,2025-10-13 15:28:12,1
5,27,575,1.577190,SUCCESS,8,2025-10-13 15:28:12,3
12,27,574,1.968686,SUCCESS,5,2025-10-13 15:28:12,2
2,27,579,1.898132,SUCCESS,47,2025-10-13 15:28:13,3
14,27,580,1.871804,SUCCESS,4,2025-10-13 15:28:13,4
17,27,576,3.113393,SUCCESS,4,2025-10-13 15:28:14,4
15,27,581,2.692953,SUCCESS,4,2025-10-13 15:28:14,1
19,27,587,1.958850,SUCCESS,4,2025-10-13 15:28:14,3
4,27,584,3.577535,SUCCESS,8,2025-10-13 15:28:15,4
13,27,578,5.100619,SUCCESS,40,2025-10-13 15:28:16,2
7,27,586,3.590718,SUCCESS,7,2025-10-13 15:28:16,2
6,27,592,2.450509,SUCCESS,4,2025-10-13 15:28:16,4
11,27,589,3.283417,SUCCESS,2544,2025-10-13 15:28:16,1
20,27,583,4.813015,SUCCESS,12,2025-10-13 15:28:16,3
16,27,591,3.317166,SUCCESS,2765,2025-10-13 15:28:17,3
10,27,588,4.018301,SUCCESS,23,2025-10-13 15:28:17,4
21,27,585,4.721354,SUCCESS,50,2025-10-13 15:28:17,1
8,27,593,3.082329,SUCCESS,5,2025-10-13 15:28:17,1
9,27,590,4.548962,SUCCESS,178,2025-10-13 15:28:18,2
18,27,582,7.371475,SUCCESS,8,2025-10-13 15:28:19,2
1,27,594,7.516984,SUCCESS,7,2025-10-13 15:28:21,2
19,28,596,.710295,SUCCESS,4,2025-10-13 15:28:22,4
22,28,599,1.705935,SUCCESS,10,2025-10-13 15:28:24,3
20,28,598,2.092547,SUCCESS,12,2025-10-13 15:28:24,2
2,28,600,2.053699,SUCCESS,47,2025-10-13 15:28:24,4
12,28,597,4.055143,SUCCESS,5,2025-10-13 15:28:26,1
5,28,602,3.982551,SUCCESS,8,2025-10-13 15:28:27,2
15,28,606,3.744382,SUCCESS,4,2025-10-13 15:28:27,2
14,28,614,2.286078,SUCCESS,4,2025-10-13 15:28:27,2
16,28,604,4.455890,SUCCESS,2765,2025-10-13 15:28:27,4
6,28,615,2.487001,SUCCESS,4,2025-10-13 15:28:28,3
11,28,616,2.443144,SUCCESS,2544,2025-10-13 15:28:28,4
10,28,603,5.276450,SUCCESS,23,2025-10-13 15:28:28,3
7,28,611,3.945028,SUCCESS,7,2025-10-13 15:28:28,3
8,28,612,4.186157,SUCCESS,5,2025-10-13 15:28:29,4
17,28,607,5.282449,SUCCESS,4,2025-10-13 15:28:29,3
21,28,605,5.796272,SUCCESS,50,2025-10-13 15:28:29,1
3,28,608,5.246421,SUCCESS,13,2025-10-13 15:28:29,4
4,28,609,5.147475,SUCCESS,8,2025-10-13 15:28:29,1
9,28,601,6.804158,SUCCESS,178,2025-10-13 15:28:29,1
1,28,595,7.770494,SUCCESS,7,2025-10-13 15:28:29,3
13,28,613,4.590791,SUCCESS,40,2025-10-13 15:28:29,1
18,28,610,6.946046,SUCCESS,8,2025-10-13 15:28:31,2
11,29,619,.994125,SUCCESS,2544,2025-10-13 15:28:32,3
7,29,617,1.300999,SUCCESS,7,2025-10-13 15:28:33,1
16,29,618,1.322526,SUCCESS,2765,2025-10-13 15:28:33,2
19,29,621,1.270772,SUCCESS,4,2025-10-13 15:28:33,1
3,29,620,1.956239,SUCCESS,13,2025-10-13 15:28:34,4
6,29,623,2.049448,SUCCESS,4,2025-10-13 15:28:34,3
20,29,622,2.567706,SUCCESS,12,2025-10-13 15:28:34,2
22,29,628,2.209616,SUCCESS,10,2025-10-13 15:28:35,4
8,29,627,3.268511,SUCCESS,5,2025-10-13 15:28:36,3
5,29,629,3.193830,SUCCESS,8,2025-10-13 15:28:36,1
14,29,630,3.237905,SUCCESS,4,2025-10-13 15:28:37,2
4,29,633,3.041300,SUCCESS,8,2025-10-13 15:28:37,1
15,29,635,2.677482,SUCCESS,4,2025-10-13 15:28:37,3
17,29,625,4.761007,SUCCESS,4,2025-10-13 15:28:37,1
2,29,637,2.410663,SUCCESS,47,2025-10-13 15:28:37,1
13,29,626,4.800465,SUCCESS,40,2025-10-13 15:28:37,2
12,29,631,4.494695,SUCCESS,5,2025-10-13 15:28:38,3
21,29,636,3.687799,SUCCESS,50,2025-10-13 15:28:38,4
10,29,638,3.422252,SUCCESS,23,2025-10-13 15:28:38,2
9,29,632,4.742453,SUCCESS,178,2025-10-13 15:28:38,4
18,29,624,7.837157,SUCCESS,8,2025-10-13 15:28:40,4
1,29,634,6.035190,SUCCESS,7,2025-10-13 15:28:40,2
22,30,639,.562964,SUCCESS,10,2025-10-13 15:28:41,3
19,30,641,.621982,SUCCESS,4,2025-10-13 15:28:41,1
8,30,640,.919281,SUCCESS,5,2025-10-13 15:28:41,4
10,30,642,2.444939,SUCCESS,23,2025-10-13 15:28:43,2
11,30,644,2.765398,SUCCESS,2544,2025-10-13 15:28:44,4
14,30,646,2.601408,SUCCESS,4,2025-10-13 15:28:44,2
4,30,645,3.053355,SUCCESS,8,2025-10-13 15:28:44,1
6,30,647,2.667294,SUCCESS,4,2025-10-13 15:28:44,3
2,30,653,3.160738,SUCCESS,47,2025-10-13 15:28:46,1
16,30,654,3.137956,SUCCESS,2765,2025-10-13 15:28:46,2
15,30,650,4.168442,SUCCESS,4,2025-10-13 15:28:46,2
3,30,649,4.512700,SUCCESS,13,2025-10-13 15:28:46,1
5,30,659,2.619236,SUCCESS,8,2025-10-13 15:28:46,3
13,30,643,5.734519,SUCCESS,40,2025-10-13 15:28:46,3
7,30,648,5.072223,SUCCESS,7,2025-10-13 15:28:47,4
20,30,655,4.356073,SUCCESS,12,2025-10-13 15:28:47,3
17,30,656,4.303030,SUCCESS,4,2025-10-13 15:28:47,4
12,30,657,4.167834,SUCCESS,5,2025-10-13 15:28:48,1
21,30,660,3.731540,SUCCESS,50,2025-10-13 15:28:48,4
9,30,658,4.772982,SUCCESS,178,2025-10-13 15:28:48,2
1,30,652,6.350771,SUCCESS,7,2025-10-13 15:28:49,4
18,30,651,7.571454,SUCCESS,8,2025-10-13 15:28:50,3
